20000 100 GMPSUM75 smpl1 ../../Instances/COR/rat/4_10_600.rat BSCharp_GMPSUMBEST_All_Beam_20000_Filter_100.out.csv 900,GMPSUM75,10,600,4,206,898.6044654,AGGAGTGGGAAGTTAGAAGCTTGTGTTAAAGAATTCTCAACTTTGAGGGGCTGTCTGCAGCAGTCAAGAACACCAACCCCTTTCTTCCCTTTCCATTGGAAATGAAAAAAGGGATTATGAATTCCTACTAACAACAAGACTTAGACAGGGCCCAGGTGGATCTTTCTTTTCCCTTATCTTCAGGACAGACCACGAGTGGTCTGGTG
20000 100 GMPSUM75 smpl1 ../../Instances/COR/rat/4_15_600.rat BSCharp_GMPSUMBEST_All_Beam_20000_Filter_100.out.csv 900,GMPSUM75,15,600,4,189,895.9782995,ATGGTTTCTTGCTCCTGCCCGCCCCTGGTTCTCTACAACAGGAAAAAAAAGAGAAAAGGCATCTTTAAAAAAGAAAAAATGTTGAACCTTTGGAAAGAGAGGCTTTTTTGGGGAATAAAGCGGGGGACAAGTCTTCCTTCCCTCTCTGAAGAAGACTCCTGGAGTATTTTAAAATGGCCACTTGGTTTT
20000 100 GMPSUM75 smpl1 ../../Instances/COR/rat/4_20_600.rat BSCharp_GMPSUMBEST_All_Beam_20000_Filter_100.out.csv 900,GMPSUM75,20,600,5,175,895.0470508,AAAAATTAAAATTCAAATACCAAAACTCCTAAAAAAAATTCCCTCAACCTAAAATTTTCCAAACCCCCTCTAAAATTAAACACTTTTTTTTTTATCACACTTAGTTCCTTTTCAAACCAATCTTCCTTATTCAAAAAATATTCCAAAAAAAATAAAATCCATTTTAAAAAATCAT
20000 100 GMPSUM75 smpl1 ../../Instances/COR/rat/4_25_600.rat BSCharp_GMPSUMBEST_All_Beam_20000_Filter_100.out.csv 900,GMPSUM75,25,600,4,173,892.9552697,TGGAAACATTAACAAGTACATCTGACCAAAAAAAACAATAAAATTTTTCCTGAAAAATATCTTTGGGTAAAAAGAGATTGCTCTGTGAAAATTTAATTTTAAAAAAAAACACTTGGATTAAGATTGGCCCTGTGTTGACAGAGAAACCTTGCCAGGAAAACTCTCCGGCTTCT
20000 100 GMPSUM75 smpl1 ../../Instances/COR/rat/4_40_600.rat BSCharp_GMPSUMBEST_All_Beam_20000_Filter_100.out.csv 900,GMPSUM75,40,600,5,157,890.7098488,GGGAGGGGCGGGGACCCAACACTACTTTTTCCCTCTTCCCAAAACCTCCAATCTAAAAAAATTTGGTCAAAAATATAAAGCCAACAGAAAAAAACCCAAAAATAACTCAACTAACTTCAACAACCAAAAACAAAAAAAACCTAATTCTAAAATTATC
20000 100 GMPSUM75 smpl1 ../../Instances/COR/rat/4_60_600.rat BSCharp_GMPSUMBEST_All_Beam_20000_Filter_100.out.csv 900,GMPSUM75,60,600,4,154,889.5227866,TTCTCCCAGAATGGCTTTTGCAGCTTGTTGGGCTGAGGGAAGTGGATGGTTCCAGAGGGAAAAGGAAGAGAGACACTTGTGCAAAATAAAAAACATCCTTTAGAGAAAGAAAAGAATGACTGAAATGAACCAGAAATTATTTTTTTCAATCAAA
20000 100 GMPSUM75 smpl1 ../../Instances/COR/rat/4_80_600.rat BSCharp_GMPSUMBEST_All_Beam_20000_Filter_100.out.csv 900,GMPSUM75,80,600,5,144,895.3511582,AAGTGAGAAGTCCCCCAGACAGGCACCCACAGAGAAAAAGGAACTATTTTTAGTTTTTTTGGTTTTTTTAAAGGGTCTCTTTCTTCCTTTCAGTGTTCTTTCTTTTGGGAAGCTGTTCTTCCTTGAATTTGCTCTCCCTATGTC
20000 100 GMPSUM75 smpl1 ../../Instances/COR/rat/4_100_600.rat BSCharp_GMPSUMBEST_All_Beam_20000_Filter_100.out.csv 900,GMPSUM75,100,600,5,139,888.0517063,GGGGAAGAGGGGGGAGAAGGCTGTGGCTTTTTCCCACAGGCACTCTTAGATAACTTGCTGTCACATCTTGTCTTTTTGGAAGAAGAGGTTTTTTTAAGAAAGATGAGAATCCCAGAACTCTTTAATTTTATTTAAAAGT
20000 100 GMPSUM75 smpl1 ../../Instances/COR/rat/4_150_600.rat BSCharp_GMPSUMBEST_All_Beam_20000_Filter_100.out.csv 900,GMPSUM75,150,600,7,131,892.795566,TTTTTTTTTCCCCCTTCTGGAAAATTCCTTGTTTCTGCAGCCCCCCCCCTTTTGTGGAGTTTTTTAATTGGAAGGAAGGGAAGAAAGGGGAAGAGATTGTTTTTTGATTTTATGTTGTGGTGTTTTGAGAA
20000 100 GMPSUM75 smpl1 ../../Instances/COR/rat/4_200_600.rat BSCharp_GMPSUMBEST_All_Beam_20000_Filter_100.out.csv 900,GMPSUM75,200,600,6,126,889.9031134,TTTTTCTTTCTTCCAGAAGCAAAAACCCACCCTCTGGAAAAGTGAACTTCTTTTAAGTTTTGGGAGTGGTTTAAATGGAGTTAAGAAAAGAAGTTTTTTTTGTTTTTGGGGGGGAGAGGTTGGGAA
20000 100 GMPSUM75 smpl1 ../../Instances/COR/rat/20_10_600.rat BSCharp_GMPSUMBEST_All_Beam_20000_Filter_100.out.csv 900,GMPSUM75,10,600,21,71,875.4222259,MLLAALTPKLPSVSSVEPGLASGSQLLPLGLGSSSQVLLSQSLIALEVSQSESSNVSSLELLLQNTLTGLE
20000 100 GMPSUM75 smpl1 ../../Instances/COR/rat/20_15_600.rat BSCharp_GMPSUMBEST_All_Beam_20000_Filter_100.out.csv 900,GMPSUM75,15,600,21,63,859.7189126,MSLLSLLPLERRVVLLLSLVGDESLLLLLLLLLGLDTVLVSLSLSSLLDKGSSLSLLSLLSAS
20000 100 GMPSUM75 smpl1 ../../Instances/COR/rat/20_20_600.rat BSCharp_GMPSUMBEST_All_Beam_20000_Filter_100.out.csv 900,GMPSUM75,20,600,20,55,849.3259247,MPSDLLALPSSSSGGGQPAALQVLLQLLLLVSSSSSSPPSLLKLALLGVLLVLSA
20000 100 GMPSUM75 smpl1 ../../Instances/COR/rat/20_25_600.rat BSCharp_GMPSUMBEST_All_Beam_20000_Filter_100.out.csv 900,GMPSUM75,25,600,20,53,860.2707068,MSGAALSLLELSLLLLLALSSLERAEGGSDQSTSEEELEAAASAEALLKAVTE
20000 100 GMPSUM75 smpl1 ../../Instances/COR/rat/20_40_600.rat BSCharp_GMPSUMBEST_All_Beam_20000_Filter_100.out.csv 900,GMPSUM75,40,600,20,50,825.9068489,MALLSLLSLVLAVGGSSGELLVLLGGAVLLLLLESLLLRVSLPAGSSSLL
20000 100 GMPSUM75 smpl1 ../../Instances/COR/rat/20_60_600.rat BSCharp_GMPSUMBEST_All_Beam_20000_Filter_100.out.csv 900,GMPSUM75,60,600,21,47,798.577866,MSSLLLVGSSSLLLLLLLLLEELELLLESAGSSLLSLSLLLLSVLSL
20000 100 GMPSUM75 smpl1 ../../Instances/COR/rat/20_80_600.rat BSCharp_GMPSUMBEST_All_Beam_20000_Filter_100.out.csv 900,GMPSUM75,80,600,20,44,793.2042198,MLSAALLLLLLSSLSVLLALLLSSSLEELLSLTLLLLLGLLLLS
20000 100 GMPSUM75 smpl1 ../../Instances/COR/rat/20_100_600.rat BSCharp_GMPSUMBEST_All_Beam_20000_Filter_100.out.csv 900,GMPSUM75,100,600,20,41,772.2234954,MLLLLLSESELLLGVGGGLLALLLALLLLSSLSLLSELSSP
20000 100 GMPSUM75 smpl1 ../../Instances/COR/rat/20_150_600.rat BSCharp_GMPSUMBEST_All_Beam_20000_Filter_100.out.csv 900,GMPSUM75,150,600,20,38,817.5293744,MLLLLLSELLSASSSSSLSAALLSLSLAATLLLSPPAA
20000 100 GMPSUM75 smpl1 ../../Instances/COR/rat/20_200_600.rat BSCharp_GMPSUMBEST_All_Beam_20000_Filter_100.out.csv 900,GMPSUM75,200,600,20,35,797.5769424,MLLLLLLLSLSLLSSGASLSLLSLEEAASDLADLL
20000 100 GMPSUM50 smpl1 ../../Instances/COR/virus/4_10_600.virus BSCharp_GMPSUMBEST_All_Beam_20000_Filter_100.out.csv 900,GMPSUM50,10,600,4,229,897.2004713,GTAAAAACATGCAAAAAATGGGTTGTTGAATACACAACAATTACAACCCATAAAGGAAGCGTTGAAAACGTCATTAATTCAAACGCCAAATTATTGAGGAAATACGTAGGGTGAAAGTCGATTGGTGAAACAGTTATTAATAAAAAAAGCTTGAAGATGGAAATATATGACAACAAAAAAAGAGAAATTTTTTGGTTTGATGAGAAAAGTTACCTCAAAAGAAAAATTA
20000 100 GMPSUM50 smpl1 ../../Instances/COR/virus/4_15_600.virus BSCharp_GMPSUMBEST_All_Beam_20000_Filter_100.out.csv 900,GMPSUM50,15,600,4,207,898.0223644,TTAAAAACTCACTATTTAACAAAAACTCTTTAAACAAACCATTGTTGTATGTTAAATTGATTTCGATCTTAGTAGGTGGACAACTCTAAAAGGAGACTATTGGAGGCTGAAAAGGTTGGTCAGAAGCTCACAATTTTATTGATTTATTTAATTTTGCTGTGAAGAAAAAAGATGTTTCAAGAATTCAAAAAGAAGATTAAACATTGA
20000 100 GMPSUM50 smpl1 ../../Instances/COR/virus/4_20_600.virus BSCharp_GMPSUMBEST_All_Beam_20000_Filter_100.out.csv 900,GMPSUM50,20,600,4,194,892.6106249,GTTTGGCTGCAAAAAGATTCACGAAAAAAAAAAGAAAGAAACCAACAAAGATTGCCTATCAAAATTCTACAAGAACCTCCGAGATAAACCAAATAAAAATGTTTTAAAAAGATGAACAAATATGTTTGTCTTTGGGAAAATCTTATTAAATAAAGGAATGAATTTGTCTTAATAATTTTTTGAATGTCCTTTTC
20000 100 GMPSUM50 smpl1 ../../Instances/COR/virus/4_25_600.virus BSCharp_GMPSUMBEST_All_Beam_20000_Filter_100.out.csv 900,GMPSUM50,25,600,4,196,893.3821123,GTTTTTACATGATATAACCATAAGAAAATTAACAAAAAAAAAAAAAACAAGGAATTCAAAAAAGAGTTCAAAAGTACAAAAACAAAAGGAAAAACCAATCAGGAACAGAATGAAATTAAACAGGATCAAAGTTAATTTAAAGAAAAAAATTAATCATTAAATTTTCATGGGAACAAAGACTTGCGAGAATAAAGAA
20000 100 GMPSUM50 smpl1 ../../Instances/COR/virus/4_40_600.virus BSCharp_GMPSUMBEST_All_Beam_20000_Filter_100.out.csv 900,GMPSUM50,40,600,4,175,894.73368,TTAAAAAAACAGACGCAACAAATATACAAACACCATACAAATGGTGTTATTTTTGCTTTTCAAGGATTAATGAAACGAAGGAATTGGTGAATTGAAAATTTGTGTACAAATTGAAATTTTAGAAGGTACAAGATGAATGAATAAAGTTGGAAAAATATGTAAATGAATGGAAGTT
20000 100 GMPSUM50 smpl1 ../../Instances/COR/virus/4_60_600.virus BSCharp_GMPSUMBEST_All_Beam_20000_Filter_100.out.csv 900,GMPSUM50,60,600,4,169,894.2403647,GAAAACAAAAAAAACATACAATGAAATACAAATGGTTTACATCTTTTGGTGATTTTTAATCACAGAAAGGTACACAAAATGGAAGAATTACATTGAAAGATTGAACAAATTAGTAGAAGGATTAATTGACAAGAAAGAAAAAATAAAGAGACAAATAGCCAATATTTGC
20000 100 GMPSUM50 smpl1 ../../Instances/COR/virus/4_80_600.virus BSCharp_GMPSUMBEST_All_Beam_20000_Filter_100.out.csv 900,GMPSUM50,80,600,4,165,893.3278676,GTAAAACAAACCAAACAAAAAATGAAATAATACGACAATTTTTGGCTTTTTGCCTTTTGGTTTGGAAAAAATTGGAGAAAAAATAAACTTGTTTTCAAAGATTAATAATTTAGATTGAGTTTGAATACACATTATGGAGATAAATTCGGAGAGAATAAAAAAGTT
20000 100 GMPSUM50 smpl1 ../../Instances/COR/virus/4_100_600.virus BSCharp_GMPSUMBEST_All_Beam_20000_Filter_100.out.csv 900,GMPSUM50,100,600,4,162,894.3827808,TTAAAACAAACAAACAAAAAATTAAAAAACAACAAATTTTTTTGATGGTGTTTTTCTTGGAATAAAACGTTAAAAATAAAAAAGTTTAAAGATGTACCAGAAATTATTTAAAGCGTTAAATTAAAAGCACATTCAAGAAAAGAAAACTGTTGAAAATGAATG
20000 100 GMPSUM50 smpl1 ../../Instances/COR/virus/4_150_600.virus BSCharp_GMPSUMBEST_All_Beam_20000_Filter_100.out.csv 900,GMPSUM50,150,600,6,158,893.3193009,GAATTTTGATCCTTTTATTATAAAAAAAACAATGAAAATTTTCATTTGAAAGACTAATTTTAAAGAGATGGAAACTTGAAGAAGAATTTGCTTCAAAGAGAGGAAGGATGAAATTCAATTTAGGTATGTTTAACATTCTTAACAAGATGTTAACGAGA
20000 100 GMPSUM50 smpl1 ../../Instances/COR/virus/4_200_600.virus BSCharp_GMPSUMBEST_All_Beam_20000_Filter_100.out.csv 900,GMPSUM50,200,600,6,156,891.1951088,GAAAATTTGTTGCTCTTTAATTTAAAAAAAAACAAAAAATTTTTCCTTGCGTGAATATATGTGAAAAGTTATGAATAAAACATATTTTGTTGAGAGAATAAGATGGAAGGTTCAATTAAAATACCATATTCAGAAATTTCAGAAAGTTTAGTCATT
20000 100 GMPSUM50 smpl1 ../../Instances/COR/virus/20_10_600.virus BSCharp_GMPSUMBEST_All_Beam_20000_Filter_100.out.csv 900,GMPSUM50,10,600,20,77,886.9674016,MNNIINLLLDLLSLSANLILTLDLILVIVETLSLVLNLNVGYGQLLVYLSLLSSSSLSVLASSSLSLTFILLLTSPV
20000 100 GMPSUM50 smpl1 ../../Instances/COR/virus/20_15_600.virus BSCharp_GMPSUMBEST_All_Beam_20000_Filter_100.out.csv 900,GMPSUM50,15,600,20,64,864.9812223,MSSSSNDDSSDASVVNDLILISSSLSGLILDVLLLANSSLLLVVVVSRLSLRLLSSSGILLLLL
20000 100 GMPSUM50 smpl1 ../../Instances/COR/virus/20_20_600.virus BSCharp_GMPSUMBEST_All_Beam_20000_Filter_100.out.csv 900,GMPSUM50,20,600,20,61,855.1739959,MSNELTDLDDDSKILISDLRVPVNLLSLIIILRESSIFTVNVLLLLVLLAISSVSGKVVDD
20000 100 GMPSUM50 smpl1 ../../Instances/COR/virus/20_25_600.virus BSCharp_GMPSUMBEST_All_Beam_20000_Filter_100.out.csv 900,GMPSUM50,25,600,20,56,839.5695166,MSSTTSPVVSNDALLALLVELVLLVSSALLLNLLRLLLSLLLTSTVVGTLLTVISV
20000 100 GMPSUM50 smpl1 ../../Instances/COR/virus/20_40_600.virus BSCharp_GMPSUMBEST_All_Beam_20000_Filter_100.out.csv 900,GMPSUM50,40,600,20,51,827.2351482,MTDSDLILIDDLLLDVLRSLLLRVLLLTSLLSLLVLLLVLLLSSILVTLLV
20000 100 GMPSUM50 smpl1 ../../Instances/COR/virus/20_60_600.virus BSCharp_GMPSUMBEST_All_Beam_20000_Filter_100.out.csv 900,GMPSUM50,60,600,20,48,804.8344633,MSTDLDLAILDDLLSLSLLRLLLVASLSLTVLLVLLSLLLILVLLLLV
20000 100 GMPSUM50 smpl1 ../../Instances/COR/virus/20_80_600.virus BSCharp_GMPSUMBEST_All_Beam_20000_Filter_100.out.csv 900,GMPSUM50,80,600,20,46,813.0712427,MTDDSSDILLLDLVVVLLLLRLLLLSLAVLLVLLLSLLLSSLLVST
20000 100 GMPSUM50 smpl1 ../../Instances/COR/virus/20_100_600.virus BSCharp_GMPSUMBEST_All_Beam_20000_Filter_100.out.csv 900,GMPSUM50,100,600,20,45,801.7777956,MSLDTLSDDLLLLLLLLLLLRVSLLLSLLVLLLLLLLVVSLLVLL
20000 100 GMPSUM50 smpl1 ../../Instances/COR/virus/20_150_600.virus BSCharp_GMPSUMBEST_All_Beam_20000_Filter_100.out.csv 900,GMPSUM50,150,600,20,46,817.4938549,MLDDELIDLVLLALLLLLLLLVLALLLTSLLSLLLVVLSSSILVLV
20000 100 GMPSUM50 smpl1 ../../Instances/COR/virus/20_200_600.virus BSCharp_GMPSUMBEST_All_Beam_20000_Filter_100.out.csv 900,GMPSUM50,200,600,20,44,798.0013463,MALDTLSIDLVSSLLLLLLLVLLLLLLSLVLLSALLLSLTVSLV
20000 100 GMPSUM75 smpl1 ../../Instances/COR/random_data/4_10_600.rnd BSCharp_GMPSUMBEST_All_Beam_20000_Filter_100.out.csv 900,GMPSUM75,10,600,4,223,897.0828016,TAAACGCATGTTTTTAACGGCGGGGACGTGGACGAAACGAAGTTCTATTAAGTGTCTACTGCCCCTCCTCCTTAGGACCTTTTTCAGACCGCAGTTCCACAACCCGTGAAACACCAATGGGTTTTCACTTGAGCCCCAGTTGGGGGCCTCTGCCCCGTCTAAAGCCCTTTAATATACCGTGCCTTATGGACGTAATTTGGTTTTTTTCCGGAAGGTCAATTCA
20000 100 GMPSUM75 smpl1 ../../Instances/COR/random_data/4_15_600.rnd BSCharp_GMPSUMBEST_All_Beam_20000_Filter_100.out.csv 900,GMPSUM75,15,600,4,206,897.4981854,ATGCCGAGGGCAGAGCTCAACAGTGCCGCACCGTGCCTCTGGCTCTTGGTGCCCACTAGAAAGGTCAGCCGAGGCACTTGAAGACGCATCCCTCTTATCCCAAACGTACGTCAGTGGTCCCTTTTTTAACACAGAGATCCAAAAGTGATAAACAGGGTCTGCACTTTAACTCTCGCGCTGGTTACCCGGGGGTTAAGTCTTGCCTC
20000 100 GMPSUM75 smpl1 ../../Instances/COR/random_data/4_20_600.rnd BSCharp_GMPSUMBEST_All_Beam_20000_Filter_100.out.csv 900,GMPSUM75,20,600,4,195,894.3925158,CTACGTGTGGGAAAACCGGGCACACGTGACTGCCCCCAGAAAAGGACCCGGCACAATAACCCTGAGGGCCGCGTCGCCCCCACGCCTTTCACCCTGATTTACAAATTCAGTGCTTCATGCACATTCGATAAAGTCTGTAGGAAAGGTCCAATCCCCTTTTGGCCGTCTGTAAAAAAGATCGTTGAGGGAACCTAT
20000 100 GMPSUM75 smpl1 ../../Instances/COR/random_data/4_25_600.rnd BSCharp_GMPSUMBEST_All_Beam_20000_Filter_100.out.csv 900,GMPSUM75,25,600,4,189,894.9672131,TGGAGAAAACTTGGAGATGCACCATTGAACAGAGGAAAATTACATGGGCCACAGGCCTTTTGTCGCCCCTAGCATTCGTCTTTCGATAAACGTACTCAAAACTCCAGGCCCAAAGCACAAACTAAGTCAGAGTGTTCGCAGAAACGAGCCCCGATGTCCTCACGCACTCTTACGGCTGCCCACCTTATC
20000 100 GMPSUM75 smpl1 ../../Instances/COR/random_data/4_40_600.rnd BSCharp_GMPSUMBEST_All_Beam_20000_Filter_100.out.csv 900,GMPSUM75,40,600,4,177,893.7863163,GTCCAAATTTCGCACCTTTGAGCCGTCCAATAAAAGCGCGTTCTCCCCCCTAAAATTTTGGGAGGCAGCACGTTACTTTTATGCCCCTATCTCAACGGCGATTCAAGAACAAAGTTCACCCTAATCAAAAGCTTGGCGCTAGGCCTTGCGCCGGGCCGATCCAGTGCATGGAAAATT
20000 100 GMPSUM75 smpl1 ../../Instances/COR/random_data/4_60_600.rnd BSCharp_GMPSUMBEST_All_Beam_20000_Filter_100.out.csv 900,GMPSUM75,60,600,4,168,892.1550792,GGAAATTCTGCAGCCGGGGAGTGACAAGCCCCGTGGTTTTTACCCATAACGTACCGTGACCCGTCAACAATGAGGCCCGGCCTCTAATCACCTAGCGCACATGCACCCTGTTGTGTGAACCCGGTTAATTCCGGATAATGGCCCATGCAAAGATCGTAACACACCTTC
20000 100 GMPSUM75 smpl1 ../../Instances/COR/random_data/4_80_600.rnd BSCharp_GMPSUMBEST_All_Beam_20000_Filter_100.out.csv 900,GMPSUM75,80,600,4,164,891.0625932,AGGGGCAAGCACCTCAGCCATTACGCGCACCCTTATAGTCTCGCGGGCTTCTCATAGGCGTCGCCGTTCCCCACAATTACCTCCGTCGCACAAAAAAGCCTGCCCGGATAGAAAGACCAACCACGCATGCCTTTTTCCCGGCGTTTAGTTACTTACCGCAAATT
20000 100 GMPSUM75 smpl1 ../../Instances/COR/random_data/4_100_600.rnd BSCharp_GMPSUMBEST_All_Beam_20000_Filter_100.out.csv 900,GMPSUM75,100,600,4,160,889.9339267,AGGGGCAAGCACCTCAGCCATTACGCGCACCACTTAAGTTTTTCCCGGGTTATCCTTACAGGCCTGCCCACAATGAGTTCCCCCCATAACAACGGCCTCACGGAAGCGAAAGATCAGGACATACTTATGGCAGTCTCTCGTCGCGGAAATGTGGAATAGG
20000 100 GMPSUM75 smpl1 ../../Instances/COR/random_data/4_150_600.rnd BSCharp_GMPSUMBEST_All_Beam_20000_Filter_100.out.csv 900,GMPSUM75,150,600,4,155,889.9476102,GGGAAAGCTGCCATACAAACCTATTAACGCGATAATCACCGACTGCCCCCAGGTTGCGAATCCGCTGTTCGGTCCGGGCGTTACGCTCGAAAAGCACAGATTTTCTGTTGATTGAGAGCGCTCGTGAATGTCGCCCTCCCGGTAGTCGTAAAAAG
20000 100 GMPSUM75 smpl1 ../../Instances/COR/random_data/4_200_600.rnd BSCharp_GMPSUMBEST_All_Beam_20000_Filter_100.out.csv 900,GMPSUM75,200,600,4,152,889.3013642,GAAAATGTGGTCTCTGCAAAACGCGGTAACGGGTCCTTGGCCCCCGCCTCATTAAGAGAGGCTTTTTCGGACGGGGAGCCTAAACTCCCCGCGCAGGGCCTGCTGACCCAGAGTCGAGACTCTCCCGGTGATAAAATTTTCTTGAGATTAGG
20000 100 GMPSUM75 smpl1 ../../Instances/COR/random_data/20_10_600.rnd BSCharp_GMPSUMBEST_All_Beam_20000_Filter_100.out.csv 900,GMPSUM75,10,600,20,63,890.7689106,DHMFVWPFVCCCFFNVMNPIKMGYGGAAYEMNKYNIFFRWPHGMFDNQLEPEYHSTRNYPTFE
20000 100 GMPSUM75 smpl1 ../../Instances/COR/random_data/20_15_600.rnd BSCharp_GMPSUMBEST_All_Beam_20000_Filter_100.out.csv 900,GMPSUM75,15,600,20,53,882.4624651,QAMLFVAYETCITWIIGISMTHVQMHRMNNAFGVKECRMSHNIFRVWYDKFQK
20000 100 GMPSUM75 smpl1 ../../Instances/COR/random_data/20_20_600.rnd BSCharp_GMPSUMBEST_All_Beam_20000_Filter_100.out.csv 900,GMPSUM75,20,600,20,48,869.6995293,DGHIHSPMRYPDAGKIKTHYEKLSNPRKMEWDMKCMIWLRLVSESLIM
20000 100 GMPSUM75 smpl1 ../../Instances/COR/random_data/20_25_600.rnd BSCharp_GMPSUMBEST_All_Beam_20000_Filter_100.out.csv 900,GMPSUM75,25,600,20,45,863.2008401,IMCVICIMVFQAHVMKVNYAGLRQRHYTKCEIAWAPVENDEYPDS
20000 100 GMPSUM75 smpl1 ../../Instances/COR/random_data/20_40_600.rnd BSCharp_GMPSUMBEST_All_Beam_20000_Filter_100.out.csv 900,GMPSUM75,40,600,20,39,831.9805273,FESMKWDTRFHNTKSLNTQSYCRFPMLINMFDSLDEYYY
20000 100 GMPSUM75 smpl1 ../../Instances/COR/random_data/20_60_600.rnd BSCharp_GMPSUMBEST_All_Beam_20000_Filter_100.out.csv 900,GMPSUM75,60,600,20,36,820.1369447,DRHEGYDCIFRILKVHKKYENPRNYSVFFIVVWISQ
20000 100 GMPSUM75 smpl1 ../../Instances/COR/random_data/20_80_600.rnd BSCharp_GMPSUMBEST_All_Beam_20000_Filter_100.out.csv 900,GMPSUM75,80,600,20,33,820.0470652,YWQTNIAKFDVTHWHHMTCYASLRHWQYYSRPW
20000 100 GMPSUM75 smpl1 ../../Instances/COR/random_data/20_100_600.rnd BSCharp_GMPSUMBEST_All_Beam_20000_Filter_100.out.csv 900,GMPSUM75,100,600,20,32,820.1918302,LFSAKQNEFAGIGKPQQVHEMSYMSFAVVSLF
20000 100 GMPSUM75 smpl1 ../../Instances/COR/random_data/20_150_600.rnd BSCharp_GMPSUMBEST_All_Beam_20000_Filter_100.out.csv 900,GMPSUM75,150,600,20,30,811.1440594,FYENMQDVCTPKTHQNGKFQICQEEQARVT
20000 100 GMPSUM75 smpl1 ../../Instances/COR/random_data/20_200_600.rnd BSCharp_GMPSUMBEST_All_Beam_20000_Filter_100.out.csv 900,GMPSUM75,200,600,20,28,804.676097,VMMEVFGTYGMCNALTTHVDEMEGLYYY
20000 100 GMPSUM00 smpl1 ../../Instances/COR/similar-instances-BB/2_10_1000.het0.1.1 BSCharp_GMPSUMBEST_All_Beam_20000_Filter_100.out.csv 900,GMPSUM00,10,903.6,2,679,897.4335775,ababbbaabbbbbbaabbbaaabbbababbbbbbbbbbbbbbbaabbabbbaaaaabababbaaaabababaaabaabbabbbabbabbaaaaaaaaaabbaaabbbbbbbbbaabababbaaaaabababbbaabbbbabaabbababbbbbaaabaaabbabbbbbbbabbabbaaaaaaaaabaaabaababbaaaaaabaaababbbbaaabbbbbbabbabbbbbaaaababbbbbabaaaaabaaaababaaaababababbaaaabaaaaaabbabaabbbababababbababbaabababbbaabbbaabbbbbbaaaabbaaabbbbbbaaaaabbaabbbbbbbabbbbbabbbababbbbbabababbaabbabbaaaabaaaaabaababaabaabaaaaaabbbbbabbababbaabbaabaabaabbbaabbaaaabaaabbaaabbbbbbaabbbbbbaababababbabbaaaabbabbabbbbabbbbbabaabbabbbabaaaaaaaaabbaabbbaaabbbaaabbbbaaabbbabbbabaaababaabbaabbbaababbababbabbbaaabbaabbbbbbabbbbbbbabbbbaabbbaaaababaabbbaaaabaabaaababaaabbaabababaaaaababbbaabbbbaaaa
20000 100 GMPSUM00 smpl1 ../../Instances/COR/similar-instances-BB/2_10_1000.het0.1.2 BSCharp_GMPSUMBEST_All_Beam_20000_Filter_100.out.csv 900,GMPSUM00,10,896.7,2,676,897.1381686,abababbbbbaababbaaaaabbbbabbbabbbbaaabababbaabaaaaaabbbbaabbbbaaaaaababbabababababbbaabbbbbbbbaaaaaaaabaaaaabbbbbbababbaabbbaaabbabaaaaaaaabaaabaaaabaabbbaabbbababaaabaaaabbaababbbaaabbbaabbbaaaaabaabaaaabbabbaaaaabbbaaabbaabbababbbbababaaaaaaaabaaaaaaaaababbabbbaaaaaabbaaabababaaaabbbbabbaabbaabbbabbbaaaaaabaaabaabbbaaaaaababbaabbbbbbbbaababbbbabaaaaabaaaaabaaabbbaaababaaaaababbbbbabbaabaaaabbbbaaaaaaabbbaabbbbaaaaaaaaababbabbbaabbbabbbbbbabbbbbbbbbbbbbbabbaabaaaaaaaaababaababbabaaabbaaabbaabaababbabababaaabaaabaabababaabaabaabbbabbbaaaaababaabaaababbbbbbbbbababaabaaaabbbbaaaabbaabbbaabbbabbabbbbbaaaabaaaaaaaabaaaaaabbbaabbbbbaabbbbbbbbbaaaaabbbbbbbaabbababaaaabbbbab
20000 100 GMPSUM00 smpl1 ../../Instances/COR/similar-instances-BB/2_10_1000.het0.1.3 BSCharp_GMPSUMBEST_All_Beam_20000_Filter_100.out.csv 900,GMPSUM00,10,899.3,2,679,895.7182848,babababbaaabaaaabaabbaaabaaaabbbababababbbbbbbbbbbaabbbabbaabbbababbbbaabaaaaaabbabaabbaaabaaaabbbbbbabbaaabbabababaabbabaaababbbbaaababbbbaaaabbbaabbbbbbbbbaaaaaabbbbbaaaababbbbbbabbbbbbbbbbbbbaaaaaaaababaaabbaabaaaabbabbbbbbababaaaabaabaabaaababbbbbbbbbabaaababaabbaabbabbaabbaaaabaaaaaaaaababaababaaaaaaaaaaabaaabbbbbababaaabaaaaabaabaaaababbbaaabbbaaaabbaaaaabbbbbbbaaaaabaaaaaaabbbbbbbaaaabbbabaabababbbbabaaaaaabbbaabbbaaaaabbaaababbbbbbbbbbbbbabaaaabaabaaabaaaabaaaabbaababbbbbaaaaaabaabbaaaabababaaabbbababaaaabbbbbaabaabbbbabbaaaabbbbbbaabbbbaaaaabbaaaaabbabbaaaabbaaabaabbbabbaaabbbaaaaaaabaaababbbbaaaaabbabababaabaaaabbaababbbbbbbaabbbaabbbbbbbabbbaabbbbbaaaabaaaabbb
20000 100 GMPSUM00 smpl1 ../../Instances/COR/similar-instances-BB/2_10_1000.het0.1.4 BSCharp_GMPSUMBEST_All_Beam_20000_Filter_100.out.csv 900,GMPSUM00,10,901.8,2,680,897.3378458,baabaabbbbbaaaaaababbaaabaaabaaaaaaabbaabbabbababbbabbaabbaabbbbabbbbaabbaaabaaaaabbaaaaaabbababababbbababbabbbaaaabbbaaababbbbbaaaaababbaaabaaaaabbbbbaaaaaaaaaabaabbabbababbaababbbabaaabbabaaabbbabbaaaabaaaaabbbaaabbbbaababbbbbbbbbaababaabbbaabbbababababaaaaabbbbbbaaaaaabbbaabbbabaabaaaabbabbbbbbbbabbbbaababbbaabaaaabbaaaaabbbbaaaaabbabbaaaaaabbbabbbbababaaaababababbbbabbbbbbabaabbaaaaaaabbaaabbabaabaabaaaaabbbbbaaaabaaababababbbaabbaaaabaaabbabaaaabbbbaaaaaababbaaaaabbbabbaaaaaabbababbbabaaaaaaabaabbabaaabbaabbaaabbaabbabbbabbbaabaabbabababbbaababaaabbabaabaaaabbbbbaabaaaaaaaabaabaabbabbbabbbabbbbaabbabbababababaaabbaaabbabababbaaaaabaaaaababbabbbabbaabbabbbbbababbbbbab
20000 100 GMPSUM00 smpl1 ../../Instances/COR/similar-instances-BB/2_10_1000.het0.1.5 BSCharp_GMPSUMBEST_All_Beam_20000_Filter_100.out.csv 900,GMPSUM00,10,900.8,2,675,896.595287,bbbabaabbaabaabbaabbabbbbbbbaabbbaababbbbabababaaaaabaaabbbbbbabbabaabababaabbbbabaaabbaabbbaaabbbbbaaaabbabaaabaabaababbaaaaabbbbbbbaabaabababaaaababbaaaaabaabaababbabababaabaaaabbbabbaaabbbbbbaaaabbbbbbbbbbbbbababaaabbbaabaaabbabbbabbbabbabbaaaabbbbabbaabbaabaaaababbbbbbabbbaaabaaaaaaababbaabbbbbbbaaabaaaaaaabaababaabbbabbbbbbbbbbbbbbbbbabbbbabbbbbaabbbbbbbbbabababbbbbbbabababbbbbbbaabaaaabbbaaaaabbabbbbbbaaababbaababbaaaaababbbabbabaabbabbbaabbbaaaabbabbbbbabbaabaaaabbaaabbbaabbaaabaabbbbaabbbaaababaaababbaaaabbabaaaabbbbbbbbbbbbbabaaabbbbbbbbaaabbbaaaaaaaabaaaaaababbabaabaabaaaaabaaaaaabbaabbaabbbababaaaabbabaabaaaabbbaaabbbbbbbbbbbababababbaaaabaaaaaabaaaaaaaaaa
20000 100 GMPSUM00 smpl1 ../../Instances/COR/similar-instances-BB/2_10_1000.het0.1.6 BSCharp_GMPSUMBEST_All_Beam_20000_Filter_100.out.csv 900,GMPSUM00,10,896.9,2,680,897.7428693,bbbaababababbaaaaabbaaabbbbbbaaabaabbbabaaabaaabaabaaaabbbbbaaabaaabaaabbabababbabbabaabaabababababbbabbaabbaaabbaabaaabbbbaabaabbbbbaaabbababbbababaaaababbbaaaaababbaabbaababbaabaabaabbbaabbbaaabaabbbaaaaababaabbbaaabbabaaaaaaaaaaaaaabbbbbbbabbaaaabaaababbbbbbbaabababaaaabbaabbaaaaaabbaaaaabbbabbbabaabbbbbaabaaaaaabaabbaabbbabaaaaaabaaabbabbbaaabbbbbbbaaaababbaabbaabbbaaabbbbababaababbaaaababbbaaabbbbaababbbabbbbaaaaabaaabaaabbaaaababaabaababaaaaaaaaaabbabbaaaaabaabbbbbbbaaaabbbabaaababbabbbaaabbaaaaaabbbbbbbbbbbbbbbbbabaabbabaaaaabbbbabbbbbbbaaaababaabbabbabaabbabbbbababababaaaaaaaaabbbbbaabbabbbbabbbaaaaababbababbbbbbabaaaaabbaabaaaaaaaaaaaaababababaaaabaaaaabbbbbbbaab
20000 100 GMPSUM00 smpl1 ../../Instances/COR/similar-instances-BB/2_10_1000.het0.1.7 BSCharp_GMPSUMBEST_All_Beam_20000_Filter_100.out.csv 900,GMPSUM00,10,898.9,2,680,895.9647768,aaababaaaabbabbabbaaaaababaaaaaaaabbabbabbbbbbbbbbbbabbbaababbbbaabbabbbbbaaabbabaabbbabbabbaaaaabaaaaaaaabaabbbabbbbaabbbaabbbbbbbbbaaabaaabbbbbbbaabaababbabbbaaabaaaaaabaaaaaaaaaaaaababbababbaaaaababbababbbbaaababbbbabbbbaabbbbbaaabaabbbbaaaaaabaabaaaaaaabaaaaaaaabaaababbbbaaaaaaaabbbbaababbbbbbbaaaaabbbbabbababaabbbbbbabababababaaabbaabbbbaaaabbbbabaabaabaabaaabaabbabaabbabaabbbbaaaabbbbbaaaaaaaaababbaabbbaabaabbaaaaaaaaabaaaaaabaabbbbababbbaaaababaabbbabaabbabbbbabbbbaaaabaaababababaaabbaaaaaaabababbbbbabaaababbbbbaaaaabbbbbbbababababbaabbbabbbabaabbbbaaaaaabbbaabaaabbbabbbabaaabaababbabbbbbbabbbbbabaaabbabbbbbbbbabbbbabbbbabbaaabbbbaabbaababaaaababbabbabbbbbabbbabbab
20000 100 GMPSUM00 smpl1 ../../Instances/COR/similar-instances-BB/2_10_1000.het0.1.8 BSCharp_GMPSUMBEST_All_Beam_20000_Filter_100.out.csv 900,GMPSUM00,10,903.4,2,672,896.3745424,ababaaaababbaaababbaaaaaababbbbaababaaaabababbaababaaaaaabaaaababbabaabbaabaabaaabbaaaabbabbbabbabbaabaaaabaaaabbbbbbbaaabbbbaaabbbbabbbbabaaaabaaaaaabbbbbaabaabaababaaaaaabbbaaabbbaaabaaaaaabaaaaaaabaaaabaaabbaabbbbaababaabaabaaabaabbbababababaaaaaaaabaaababababbaaaabbaaabbbbabbbbbbbbbaabbbabaaaabaaabbbbbbabbaaaaabbaabababbbbbbbbbbbbaaaaaababaabbaabbbaabbbbbbbabaaaaaaababbbabbbbaaaaaaaabbbbbabbbbbbbbaaaaaaaaaababbbbbaabaabbabbbbbbbaabaabbabbaabaaaaaabbbaabbbaabbbbbbaaabbbababaaaabaabbbbababaabbaababbbbababaaaabbaaababbaaaabbbaaabbbbbbbbbabbbabbabbbbaaaaabbbabababaaabbbbbabbbbbaaaabaabbbbbaaaaabbabaaabaaaaaabbbabbaabaaababbabbbbaababbaaaaabbabbabbaaaabbbbbbbbbbbbb
20000 100 GMPSUM00 smpl1 ../../Instances/COR/similar-instances-BB/2_10_1000.het0.1.9 BSCharp_GMPSUMBEST_All_Beam_20000_Filter_100.out.csv 900,GMPSUM00,10,898.3,2,677,897.9284592,abababbbbaaaaabbaaaabaaabbbbbaabbababbaabbaabbbbababaaababaabbbababbaabbaabbbbabbabbbaaabaaababaaaaaabbabbbbbbbbbbbbabbbbaaabaaabaabaaabaababbabbbabbbabbabaabbaaabbabbbbabbaaaaabaabababababaabbabbbaaaabbabbbbabbaaaabaabbbbababbbbbabbabbaaaaabaaaaababaaaabaaaabaaabbaaaaabbbaabbababababbaaaabbbaaaaabaaaaaabaaaaabbaabaabaabbaabbbaaaaaaaaaaabbbbbaabbaababababaaabaabaababbbbbbaabbbbbaabaabbbaababbbabbbbbbbbbbbbbbbbbaaaabbbaaababbababbbbbbbbbbbbabbabbbaababbbaabbbbaabbbbaabbaaabbaabaaababbbaababaabababbbbbbbaabaabbbaabbbbabaabbaaaaaaaaaabaaaaababbabaaaababbbbbaaaaabbbaabaabababbbbabbbbbbbbbbbbbbbbbbbaaabbbbbaabaaaabaaababababaabbababaababaabaaaaaaabbbbbaaaaaabbaaaabbbabbabba
20000 100 GMPSUM00 smpl1 ../../Instances/COR/similar-instances-BB/2_10_1000.het0.1.10 BSCharp_GMPSUMBEST_All_Beam_20000_Filter_100.out.csv 900,GMPSUM00,10,899,2,669,898.6109045,aaaaabbbbbbbaabaabaababaabbbbabbaaaaabbaaabbaabaabbbbaabaabbbbbaabaaabababbabbbbbbbbbbabbbbbbbbabaabbaaaaaabaabbaabbaaaaaababbbbbbbbbbaaaaaabbbabbabaaaabbaababbbbbaaaaabbbbbaaaaabbbaaabbbbbabaaababbbbaaabbbaabababaaababaaaaababaaababaababbbbabaaabbbbbbbbbbbaabbababbabbbbabbbbbbabababaaabbaaaaaaabaabbbbabaaabaaaaaaaaaababbbaaabbabbbabaaabaabaaaabbbbaaabaaaaaabbaababaaabbaaaabaaaaabbaaabbbbbbabaaaababbbabbbabababbababaaabbaaaaaababbbababbbbaababaaabbbabbaaaaaaabbbbabaababbbaaabababbbbabaaabbaabbbabbabbbaabbbbbbababbabbaaabbbbaaabbbababaaaaaaaaaabbbaaaaabbbababbbaaaabbbbbbaababbababbaaaaaaaaaaaabbaabaaabaaaaabbbabbbaabaaabbaaababaaabbaaaabbbabaaabbbbbbabbbaaaabbaa
20000 100 GMPSUM00 smpl1 ../../Instances/COR/similar-instances-BB/2_100_1000.het0.1.1 BSCharp_GMPSUMBEST_All_Beam_20000_Filter_100.out.csv 900,GMPSUM00,100,898.06,2,561,896.8132,bbbbbbbbbaabaaaaaabaaaaababbaaababbbaaaabbabbbaabbbabaaaabbaaaaabbbaaabbbbabbbabbaabbabbbbbbbbbbbbbbbabbbbabaaabaabaabaaaabbaabaaaabbaaaabbbbbbaabbbbbaabbaaaaaaaabbbababbbbbbaaaaaaaabbbbabababbbaaabbaabbbaaaaabaabbaabaabaaaababbbaabbaaaabbbaabbbaaabbbbbaabbabbbbbbbbbbbbbbbbbbbbbbbaaaaabbabbbabbabbabbabababaabbaababaaaababaaabbbbaaaaaaaaaaaaaaaaaaaaaaaaaaaaaaababbabababbbbababbabababbbbbbbbbbbbbbbbbbbbabbaaaabbbbbbabbbaababbbbbabbabbaabbaabbaaaabbbbbbbbbbbbbbabaaaaaabbbaabababbaaaaabbbbbaaabaaaabababababababababbbbbbbbbbaaaaaaaaaababbaaaaaaaaabaaabbbbbbbaa
20000 100 GMPSUM00 smpl1 ../../Instances/COR/similar-instances-BB/2_100_1000.het0.1.2 BSCharp_GMPSUMBEST_All_Beam_20000_Filter_100.out.csv 900,GMPSUM00,100,900.43,2,564,897.8706001,ababaabaabaabbbbbbbabbbbbbaaaaaaaaaabbbbbbaaabaabbaaabbbbbabbabaababaaaaaaaaaaaababaabbbbbbbbbbabbbbaabbbaaabbbbaaaabbbaaaabbaababaabaabaabbaabbabbabbababababaababbbbaaaabbbbbbbbaaaaaabbbbbbabbbaabbbbbbbabbbbbbbaabbbbababbbabbbabaaaaaaaaababbabbabbababababbbbbaabbaababaaaaabbababababaaaaaabbbbbbbbbbaaaaaaaaaaaaabbabbaaaaaaabababbbaabbbbabbbbbaabbbaababbbabababaaaaaaaaabbaababbaaaaabbbbabbbbbaaaaababbbabaaaabbbbbbbbbbbbabbbbbaaaaabbbaaaabaaababaaaaaabbabbabbaaabbbbaaaabbbbbbbbaaabababbbbbbbaabaabbbbbbbbbabbbaaabbabaabbaaaababaababaababaabababbbbaaabbbaabbbbaa
20000 100 GMPSUM00 smpl1 ../../Instances/COR/similar-instances-BB/2_100_1000.het0.1.3 BSCharp_GMPSUMBEST_All_Beam_20000_Filter_100.out.csv 900,GMPSUM00,100,900.71,2,558,897.3936742,aabbabbaabbaabaaaaabbbbbbaaabbabbaaaaabababbbbaaabaaaababaaabbbbbaaaaabaaaaaaaaaaabaabbaaaaaaaaaabbbaaaaaabbbbbbbbbbbbbbbbbbbbbbbbbbaaaaaaabbaabbbbbaaabbbbaaaaababbabbaaaaaaaabbbaaaaaaaabbbabbabbbababababababaaaaaaaaaaaabaaababbbbbaabbbbbbaaabbbbbaaababbbababbbbbabaaaaaaaaaaaaaaaaaaaaaaaaaaaaaaaabaabbbbbbbbbbaaababbbbbaaaabbbbaaaaabbbaaaabaabbbbbbbbbbbbaaaaaaabbbbaaabaaaaaabbbbbbbbbbbbbaabbbbbbaabbbbaaaababbbaaaabbaaaaaaaaabbababbbaaaaaaaabbbabbbbbbaaabaabbbbbbbbbbaaaabbaababaaabbabbbababbbbbbbbbabbabaaabbbbbaaabbbbbabbbbbbababbbaaaabbbbbbbbbaaaabbaaaa
20000 100 GMPSUM00 smpl1 ../../Instances/COR/similar-instances-BB/2_100_1000.het0.1.4 BSCharp_GMPSUMBEST_All_Beam_20000_Filter_100.out.csv 900,GMPSUM00,100,900.99,2,568,897.4003882,aabbbbaabaabbbbbaaaaaababbaaababaaaabbbbabaaaaaabbabbaabaababbbbbaaabbbbbaaaabbbbbababaaabaaaaababbabaaabbbaaabababaaabaaaababaaabbbaaabbbabbbaaaaabbbaaaabaaaaaaaaaaaaaaaaabbbbbbabbbbbabbbbbabbbbbabbabbbabaabbabaabbbbabbbbbbbabbbbbbaaaabbbbaaaaaabaaaaaaaabbbbbbbbbaaaaaaaaaaabaaaaaaaaabbaaabbbbbbbbbbbaaabbabbbabaaaabbbabababbbbbbaaaabaabaabaaaaabaaabaaaaabbaaaabbbaaabbbbaabbbabaabbabaabbababaaababaaaaaaaaaaaaaaaaaaaaaababbbbbbbbbbbaababbabaabbbbbaaaaaabbbbaaabbbbaababbbbaaabbababbbbbbbbbbaaaaaaaaaabbaaaaaaaaaaabbbbabbbbbbbbbbbbaabbbbabbbaabbbaaaaabbbbbbbbabbbbbba
20000 100 GMPSUM00 smpl1 ../../Instances/COR/similar-instances-BB/2_100_1000.het0.1.5 BSCharp_GMPSUMBEST_All_Beam_20000_Filter_100.out.csv 900,GMPSUM00,100,898.16,2,564,896.8224465,bbbaaaababaaaaaaaaaaaabbabbbbbbbbaaaaaaaaaaaabbaaabbaaabbaaabbbbbbaaaaaaaaaaaaaaaaaabbbbbbbbaabbabababababaaaaabbababaaababbaaaababbbbbbabbaabbbbbbbbbaabbbbbbaaaabbaabbabaabbabaababbaabaaabababaaaababaaaababbbbbaaaababbaaaaabaaaaabaabbaaaabbbbbbbbbabbbbbbbbbbbbbbabbababaaababaaaaabbbbbaaabaabbbbbabbbbababbbbbababbbbbbbbbbbbabababbbbbbbabababbbbbbbbaaaabaaaabbbbbaaabbbbbbaaabbbabbbbaaabbbaaaaaababbabbbbbabbbbbbbabbbabbbbbbbbbbbbbbbbbbbbbbbabababbbbbbababbbaabbaaaaaaaaaaaaaaaaaaaabbbbbbbaaabbbbaaaaabbbbabbaaabbbbabababbbbabbbbabbaaaaaaabbbbbaaaaaaabbbabaabaaaa
20000 100 GMPSUM00 smpl1 ../../Instances/COR/similar-instances-BB/2_100_1000.het0.1.6 BSCharp_GMPSUMBEST_All_Beam_20000_Filter_100.out.csv 900,GMPSUM00,100,900.2,2,559,897.6505996,bbabababbbabaaaabbbbbbbbbbbbaaaaaaabbabbabaaaaabbbaaaaaabbbaaabbabbababaaaaabbbababbbbbaaaababbababbaaaaabaabbbbbaaaabaaaaabaaabbbbbbbbbabbbbbabbbbbbbbbbabbbbbabbbabbbaaabbbabbbaaabbbbbbbbbbbabbbbbbbbbbbaabaaababbbbbbaabbaabbbaaaaaaabbaabaaaaaaaaabbaaaaaaaabbabbbbbbaaaaababbbbbbbbbaaaababbbbbababababbbaabababbaaaaaaaababbaaaaaabababaabaabbbbabbbbabaaabbabbbbaabbaaabbbbaaaaababbabbbbbabaaabaaaaaaaaaaaaaabaabaabbbabbabbbbbbbbbbbbbbbbbbbbbbbbbbaaababbbbaaaaaaaaaaabbbbbaaabbababbbbaabbbbaabbbbbbbaaaaabbaabbbbbbbbaaaaabababababbabbaaabaabaaabbbbbabbababbbbbb
20000 100 GMPSUM00 smpl1 ../../Instances/COR/similar-instances-BB/2_100_1000.het0.1.7 BSCharp_GMPSUMBEST_All_Beam_20000_Filter_100.out.csv 900,GMPSUM00,100,899.46,2,552,898.0926243,aabaaabbaaaaaaababbbbbbbbabaabbaaaaaaabbbbaaaabbbabaabbabbbbbbbbbbbbbbabaaaabababbbbbbbbbbbbbaaabaaaaaaaaaaaabaaababbaaabaabbbabaabbbabaaaaabbabaaabbaabbbbbaabbaaabbbbbabbababaaaabbaaaabbbaaaaabbaaabbaaabbbbbbbaababbaaaaaaabbbaaabbbababbabbaaaaabbabababbabbbababbabbabaaaaaabbbaaaaaabbbbaaaaaabababbbaaaaaaabababababbbbbbbabaabbbabbabbbbabbbbbbbbbbbaabbbbbbbbbbbbbbbbbbbbbbbaaaaaaaaabbbaabbbabbabaabaabbaabaaababaabbaabaaabaaaaaaaaaabbbaaaabbbbaaaabbbbbaabbbbbabbaababababbaababbbbbbaabbbaaaabbbbaabbbbababbbbaaabbabbabbabbbbbbbbbbbaabaaaaaaaabababaabb
20000 100 GMPSUM00 smpl1 ../../Instances/COR/similar-instances-BB/2_100_1000.het0.1.8 BSCharp_GMPSUMBEST_All_Beam_20000_Filter_100.out.csv 900,GMPSUM00,100,900.06,2,562,897.0775128,abbaaaaaababbbbbbbbbbbaabababbbabbabaaaaaabbbabaaabbbbabababbbbaaaaaaabaababbbbbababaabababbaaabbaaababaaabbaabaabaaaaaaaabaaaaabbbaabbbbaaaaaaabbbaabbaaaaaababbbaaabbbabbaaabbaabbbaaaaaaaabbbbaabbbabbbbbbbbbbaaaaababaaaabbbbbbaaabbaaaabbabbbbbaabbaabbabbbbbbbbbbbbabbbbbaaabbaabaaabbababababbabbbbbbbbbbabbaaaaabbababaaaababbaaabbbbaabaaaabbbbaaababaaaabbbbaaaabbbbaaaabbbabbaaabbabbaabaabaababaabaaabaaabababbbbbbbbbbbbbaaaaaaaaababaaaaaaaaaaaaaaaaaaaaaaaaaaaaaabaabaaabbabaabbaaabaaaaaaaaaaabaababaaababbbbaaabbbbabaabbaaaabaaaabaabaabaaaabbbabbbabaaaaabaaaab
20000 100 GMPSUM00 smpl1 ../../Instances/COR/similar-instances-BB/2_100_1000.het0.1.9 BSCharp_GMPSUMBEST_All_Beam_20000_Filter_100.out.csv 900,GMPSUM00,100,900.07,2,578,897.3118176,bbbabbbbabababbbbbbbbbbbbaaaaaaaabbbbbbbbbbbbabbbbaaaaaaaaaaaabbbbbbbbbbbbaaaabbaabbaabbbabbbbbabbabbbbbbbabaaaaababbbbaaaaaaabbbbbbbbbbbabbabaabbbbbbbbbbbaaaaabbbaabaabbababbbbbbbbabbbbbbababbbbbbbbbaaababbbbababbbbbbbaabbabbbaaaabbbbbbabbbbaaaaaaabbaaaaaaaaabaaaaaaaabbbbbbbbbbbabbbbbaabaababababababbababbabbbbbabababababaabaabaabaaaaaababababbbbbbaaaaaaaaaaaaaaabaabababbbbbbbaabbaababababaaabbbaaaabbbaaaaaabbbaaaaaabbbbaaabbabbaabbbababaabbabababababababaaaaabaabbaabbbabbbbbabbabbbabaabbaabaabbaaabbaaabaaabbaaabaabbbbbbbbbbaaabbabbbbaabbaaabababaaaaaaaabbbabbabaaaabbbbb
20000 100 GMPSUM00 smpl1 ../../Instances/COR/similar-instances-BB/2_100_1000.het0.1.10 BSCharp_GMPSUMBEST_All_Beam_20000_Filter_100.out.csv 900,GMPSUM00,100,900.56,2,571,897.1746134,aaaaaaaaaaaaaabbabbabbbbbbbaaaabbbbbbbbbbbbbbbbbababbbaabbbbbababbaabababaabaaaabaaaaaabbbaaabbbbaaabbbabababbabababbbbbababbbbbaababbbbaaaaabbbbaabbbbbbbbbbbbbbbbbabaabbabaabababbabbabbabbaabbbaaaaaaabbbbaaaaaababbbbbabaabbbbbbbaaaabbbbbbaabbbbababbbaaabbbbaaaaaaaaaaabaaaabbbabaabbbbbbbbabbaabaaabbabaaabbbbaabbbaabbaabbbaabbbabbaaaaaaaaaaaaabbbbbabbbbbbbbbbbbababaabbbaaaaaabbabbabbaabbbabbbabbbaaaabbbaaaaabbbbbaaaaaaaaaaaaabaabbaaaaaaabbbabbbaaabbbaaaaabaabaaabbaababaababbbbabbbbbaababbbbabaabbbbbbabbbbbbbaababbbbbaaaaabbabaaaaaaaaaaaabaabbbaaaaaaaaaaaabbbbaaaaabb
20000 100 GMPSUM00 smpl1 ../../Instances/COR/similar-instances-BB/4_10_1000.het0.1.1 BSCharp_GMPSUMBEST_All_Beam_20000_Filter_100.out.csv 900,GMPSUM00,10,903.3,4,561,899.7249334,bbbdccbbbaccabdbadbddccadccbbbddaddbadbdcddcdcadcdcbdadbacbccacbbbdddcababddabbcccabddccccacabccdddccdbdadddadcbdbddadaabadbcabaaababdaddcdaccadcaccadbadaacccdcccbccbbccaadddbccdaacbbddddbdbaccdbacdaddcddabaaadbadbdadddadccbbabbbaaddcdddcdddaacacaaaabbdddddddbcdcbbccaddbabdcaccdddcccbcddddddaadabdcaadcbbdcbdcbdbcabbcadbaacddaccccacaabacccdabaddbdbaacaddbdbdbbcbbddabbaadddcaaaaadaddcdddddddbbbddaddadbacbaaadaddbddadddbbbaadbcbdbcaabaabcabcbdbcbacdccabddddcbcccacdccadadabcbcdddadcdaaaababbaabdbbbaadaabddaacadadddbdbcbdbaabddddcbbcaabccbdccbcacdaddbabcdadbbd
20000 100 GMPSUM00 smpl1 ../../Instances/COR/similar-instances-BB/4_10_1000.het0.1.2 BSCharp_GMPSUMBEST_All_Beam_20000_Filter_100.out.csv 900,GMPSUM00,10,898.8,4,540,899.6873575,ddabbcbdcdcddacdcaabbcdcbcbddddabaaaaacccbdcadddddbbcbdcccbaabcdddaacdcdaddacbbdaaccaddaadbdddbbdbbddcacbdbabaddbaccdbcadaadcabadadadbbbcadbcdaadaacadcacdaacbddddbabcbbbbaabbabdaaccbbabbbcbbcdaadcdbabdadccbcdabbdcdcbababddbccccccaddadddbdbcaaaacacddccdaabdaabbdcadbbcdabaccdbcdbcabdacccdccdcabcddcbbacbaaaabaddcbcaaaadabddcbaccbadbddddaadbacdbbbdaddcabddbabbbbbbccbadcdcbbcccababadaaaccbadbddbcbdbaabdcadbbacccccccaacccdccbababcdbdbdabdadcaaaaaccbaddbabccabccdabbccddcccdccabcaabdcadbbaaacbddaacdaddaabcbabadcaabdabcccccbddaacaabcddbdaccbdd
20000 100 GMPSUM00 smpl1 ../../Instances/COR/similar-instances-BB/4_10_1000.het0.1.3 BSCharp_GMPSUMBEST_All_Beam_20000_Filter_100.out.csv 900,GMPSUM00,10,899,4,548,899.3151404,dbbbabaabaabcadaadbdaabccdbdccccbaabbccacbcdadbadbbdbcdcaacacaaadbdadccbbcdcbcbccabdaddbbbdcadcaadccdadacababbbddddbcdbdadaaacbdabadacabcdadcdcdccdcaabbabbadcdbddacbdababbabcbccccbbbaaaaabbcdcaaaaaccbadbbabbabbbdbbaaddcdbdcaaaabddbbbdaaaaabadcaccdccbbbbbbcdabddcdadcabcabababddddbdcdacaccdbabbcccbddbddaabdcdadbbbbbcccbdcbadbbbdacdbbdbadcaccccdddacbbcdacdddbddddbbabadbdbdaaadacadccadbbccacaadbcccacbababaadaaaaacaccabdcaadcbaddccbddbbbbbbddadcdccbdcbabcbcdbcadbdbdbcddbdddddcdbbdbbbaaaacbcbcbbbbcacccbaccacabcadddbbdbddadaabbccbcbdacdddadbcacbabdc
20000 100 GMPSUM00 smpl1 ../../Instances/COR/similar-instances-BB/4_10_1000.het0.1.4 BSCharp_GMPSUMBEST_All_Beam_20000_Filter_100.out.csv 900,GMPSUM00,10,900.9,4,554,899.5526489,cdccbadccbbaadabdddaccacdacadddddcddccaddccdacdddcbcbbccadaccadbddaddbabbcbabcbccbdbcadbcccdcbdbcaadbbbaacbccdcdddbdcbddcbbbdcdbdddcacddabdbdbdbbacdddabcbbcaababacabdcacacccdddcbacaadaabacccbdddccccdbbbddadaaaaccbdbbdaaddbddcccdaabbbbbdbabdadbaadcbadbaddddbccaacdadcddcdccacaababcbccbaddccbaaaabadabcabcaddbbdcabbbbadcacacdccdbbcabdaacaccccbcadcacdcdcaddddacaccccdbadbdbdcdbcdcbdaadccadbbbaabbcddddaaccbbdcbbcbcbccbcdaaaacacdbaddcdbcdadcdddbcbddbdddbdddabddabcccdbbabdabdadcddcddbadaaaddabdbbbdbadbbddaccadddbbcddaccccabbcbbacabdcddbddbbbaacccdababaddbdc
20000 100 GMPSUM00 smpl1 ../../Instances/COR/similar-instances-BB/4_10_1000.het0.1.5 BSCharp_GMPSUMBEST_All_Beam_20000_Filter_100.out.csv 900,GMPSUM00,10,897.2,4,535,899.7494278,ababadcabdcdbddcadabcccdcdaaaccbbdaacadddddcddbcdcaccbadadddbcbddbadbbbdcdabbcccdadabddcbaabcbacdcbbbcbaaccbddaccaabdbddcdaadcbadaacddbacdadadbdbbadadbabbaacbdbadddcbabccdddbcdcaadcddacbaaabdabdabdcbbccddddbcbbccdbabcadacaacaabdbdddddcbddadcaaabababdaadaadcdbbabbdababcbaccdbdbdcbdcdbbdccabddaaabcacacdcddabbadabcbabdcbdbdaacacacabbbbbdadacccddbdcdcbccbcabadcccbdddddacdacacdabbbccbbcadaddaaaddddbdbdaccaabadbaacccdcdcdcdcbaacadbbcbabbadcbbadaacabaaacccdadcdaaaadbaccabdddccbccabaddddaabbaaabbaaabcbddaccabbdbadcadccccbbbccbcddabdcabda
20000 100 GMPSUM00 smpl1 ../../Instances/COR/similar-instances-BB/4_10_1000.het0.1.6 BSCharp_GMPSUMBEST_All_Beam_20000_Filter_100.out.csv 900,GMPSUM00,10,902,4,540,899.7845073,baaaaaccabcacdacdacddddbdccbbcbaaddbdbabcbdaabacbdabbadcdbcddabbbdbddcccbbdcccadaaababbbdcacabbaaabbbbbcddbaccaccdcabccddcbccccadbbbbcddacdabcdccaaadadccbacddcdbaacacbcdccdbddbdababdbddbaadbcbaadbacdbbbbcbcbbcddaacbdaaaadbcbabcaabcdadcdbbdaabacbadddbabbabdcdcabaabcadadcbaabcdaaacbdcbcbcccbdcbddacaccaccccaabaacbbbcbcbbdbbbdbacaabaacdccaaadcdcdbadaacaadadbbaccbbbccccbbdcccccbcaacabdaacdacabadbcdccdccdaadacccccdbcccdbacbabddcaabdddcdbcacdabbcddcdaabcdcbdbbbbcadbaaabdbaaaaaaaccbbcabbabacbaddcbbbcaaabcccacabbbdbddbaabbccaacadbbdbadddcdadcb
20000 100 GMPSUM00 smpl1 ../../Instances/COR/similar-instances-BB/4_10_1000.het0.1.7 BSCharp_GMPSUMBEST_All_Beam_20000_Filter_100.out.csv 900,GMPSUM00,10,902.8,4,557,898.8089176,ccbbdacbbabbddccabaaccaddbcbcaaaddddcbcbaaaacaddccbbbdbadbaacdcccbaadaaacbdbacdabbbbababaaaacabbcadcbdbbcdadcbcbdddabaaabcdaabcabbbabbdcbdaabdbccaacbccaccccccbdcbcaaaaaacddcbbdcaaaadddacddcacdccbbbdacbcbbdacbdddbdaaabbddabaacabddbbddcbcacdddccadcddddcccbdcdcddccccdcabbcddacaababbaaabacacaabdddbadbacccbdabcdabdddbbbddbdabddbdadbdcbbaadcaacdcccaabcbdcccdcdcdbccaadaaddacccddcdccaabbcdcccccccccacdcbacbaacabcaadbabdbbccbacccccadbbcbaacabdadccbccdbbbbacbbbabaacccdddadbacdccdcbaabaddddcbcbbddbdabaabcccadcaacacddacbbbbbcbacbaddccccacddccccbaaacaaacdadacccdddb
20000 100 GMPSUM00 smpl1 ../../Instances/COR/similar-instances-BB/4_10_1000.het0.1.8 BSCharp_GMPSUMBEST_All_Beam_20000_Filter_100.out.csv 900,GMPSUM00,10,898.4,4,545,899.4811736,cbaccdcaabcccbbcadacadcbdcdddccbaaacccdabaddbdddddddbdcddccbdccaabccacaaaacaccbaabbcbdcbbacdcbbaabddddacaacddacdcadadbbbaaddbabbbdddaabbaadcbcbbdabddccaacbddaadbbcddddcaaccbcadadaaaddabdbbcaadcdbdcacbdcadcccbbcbbcaddccddccdcdcdbdacabcbbbacbbbbcccbcdccacdcdcddbcacabcaaddbddbdddaaacacbdbdcabcbadaccaaaccbbabaaaaaabbdacaadaddbbdaadaaabdcaabdbbacbdbbcdcdcdacadabbdcdbbdbbccddacdcaabdbbaabccdddaddddcacbbbacaddddddabdacdcaacacbaddaacbbdccacbcdadbbbaaacaadabccddcbbbbababbcacdadcbddddcbbdcbadbcbbbadbcbccddaacddbbdbbbdbadaaacccbacbbacbcddcdaccdbabaca
20000 100 GMPSUM00 smpl1 ../../Instances/COR/similar-instances-BB/4_10_1000.het0.1.9 BSCharp_GMPSUMBEST_All_Beam_20000_Filter_100.out.csv 900,GMPSUM00,10,897.4,4,533,899.7287862,dcddaddddbcaadcaabdcbaaddbacddaaabdbcabbbccccdccbcbaccacadacabadcabbcbaabdddadbcbabcbcbcdabbddabaacdbaadccccababacaddacacaccbbbbaacccadadabcccccbabcbcdaaaabacbcbbcbbacbaacdccdbbcabadacabaaacaacbcacdbccbabbbcbbdabbaddbcbabacabbbaddbaabbddddccccacbbcadbcbbbcacbbcadcccaccdccacbcbdbdddaaaccccabccbbdccacbbabcdacbbbbaaaabadbadadbaddcbaabdcbbcbaddabdaaddcaaaaacbbdbabcccabaadcaccaaaabbbdabccacdadbadaaacacabdddaacacacabcaaadbadcaaacaaabdddbbbcccdabdbbacbbbabccccdccdcabbbcababdadcbcbbbcbdddbcbdbcbaddddccddccccdbcbccbdbbbadbdbcbcaddbcbdab
20000 100 GMPSUM00 smpl1 ../../Instances/COR/similar-instances-BB/4_10_1000.het0.1.10 BSCharp_GMPSUMBEST_All_Beam_20000_Filter_100.out.csv 900,GMPSUM00,10,897,4,542,898.8528133,ddcbbdadbbbdaacdcbbdacdaccadddbcbcccccdabcdcbddccaccabddabcbcdadbbcccdbabbbbacbdcaabddbdadcdcbccabccdacccaacdccaaddbccbcaadccabdaaadcaadddcabbbdbbaadcddbbbbbddbbbbbabdcbbbbdcccbcaabacddddccbadaacbdbaabadcbabbcaaadbdaaadabaaacdcbcadccccccabbdcddacabcbadbaabcbddcbbbcdaccabcbbaabbabdddcdccbdcbbdabdababdcacdccdabbbdbcdbcdccadcabcaccbcdacaadaaaaacdabdbbadddcccaccdaccacdcbabccadddbdbaabbcbbaccaaccaacacbbcccbcccddbbbbdabaadbacacaacbcacddbacbaaadcaacaddccccddaabbcccbacbdacbbbdaccaccabacbdbdbccabdacdaaccadcdcaaacccaabacddcbdcabcbccdddccabadacbbc
20000 100 GMPSUM00 smpl1 ../../Instances/COR/similar-instances-BB/4_100_1000.het0.1.1 BSCharp_GMPSUMBEST_All_Beam_20000_Filter_100.out.csv 900,GMPSUM00,100,901.04,4,389,897.7678027,cddcddddddbdccccdabdababbbbbbadaacbacbadaacccccddadbcdbcdaaababbbcdaaccdccdcdddcdcdbaddbbbcbddddacdbcdbaadbaabacdacdddccdaaacbbaaaababbaadcadcdaaaabdddaacaccddadcbcdaaaacddaccaccacdcbcadabbcbaaacdcdbbbcbbaabddddccadacacaaacdacacdddadcddbccdaccddcbddcbdbdbaccdacaabacabdccbddddddadaaaddddddcbbbbbbbacaaacdbbbaabacdbdaabbcbbbcbbcccacaadbaabbbdbaaadcbdcadccccaadbdaadddbddaddaacddaadaaaaabaad
20000 100 GMPSUM00 smpl1 ../../Instances/COR/similar-instances-BB/4_100_1000.het0.1.2 BSCharp_GMPSUMBEST_All_Beam_20000_Filter_100.out.csv 900,GMPSUM00,100,900.6,4,387,898.719623,bababccdcbcdcdaacccbbbbaabbacdacbccacdccaaccccccdcdccccbccbcabbdccabdddbbddaaabddadbadbcacccbcabacbaaacaadcabcdbbcadcccdabaaccddcdacdbacbdabbabdcbababbabbdbbbbabbbbbdbddbddbbbbaacadcabcbcabccabccbcbabbaccbbbbababbdcbdcbcddddcdcaccacadcacaadbabcaabaadabdbbddbddbcbabddbcbbdddddddabddbbbcbbdaccdcaddccadaaaaadbacadacddddddbdbbcabbcacbddcaaacdadbbbcbbcbbbdcccdcddbcddbdbdbbbbcbccccbddcaccaa
20000 100 GMPSUM00 smpl1 ../../Instances/COR/similar-instances-BB/4_100_1000.het0.1.3 BSCharp_GMPSUMBEST_All_Beam_20000_Filter_100.out.csv 900,GMPSUM00,100,900.2,4,390,898.4754337,cbaaadddbaaadbdbdbaaadddbbdaacbbbadacdaacaccabdcaaaadcbaaaadbddaaaaaaacacabcdcbdddddcbcdddddddddcdacdacdcdadadbbadddabcacbaddcdcdacaacbacdcacccccbacdbacbcbdcabbbbbbbcbdacaaaaacdaaaacdacdacdacbaacbddaacccabbdcabbaccacaadaaaacabaddccbabacabaacbacaaababdcbbbdbbbabacbadabbddddddabbbbdccbcdcddcdbccaacbbddbbbaadabbabddbbaaaaadddccccccccacadaacdbbadbdbbcccbacbdcbacdacbccbdacccbdcbdddaabbdddacdd
20000 100 GMPSUM00 smpl1 ../../Instances/COR/similar-instances-BB/4_100_1000.het0.1.4 BSCharp_GMPSUMBEST_All_Beam_20000_Filter_100.out.csv 900,GMPSUM00,100,900.4,4,388,898.7196704,dabaddcddccdcbbdddddccddaabadcdabcacabbbacaadbbbbbcbcbccccccccacddcbbbadcbacdccbabcccbbccbccbbcccbdddccadddcbdabbbaaaaadaacddabbbbaaddabadcdabaabaabbbbabbdaccacacbdadddbbbbbdddabbdbbcbccccccccccccabbbbbddcdcadbbabdccdcdabcbbbbddcccbbbabbcbbdcccacdcaaabbcbbbdabdccbaddbdaaabbccbbdddaccbcbbcdaddacdadbdaadbaacacabddaaabbbbaaabbbaadccdaaababcaccdbbbcddcdcdcbcaabaabaacbaabccddcccbdabcbdadddd
20000 100 GMPSUM00 smpl1 ../../Instances/COR/similar-instances-BB/4_100_1000.het0.1.5 BSCharp_GMPSUMBEST_All_Beam_20000_Filter_100.out.csv 900,GMPSUM00,100,902.12,4,384,898.4667433,dadadadbdbaabbbcdccbbbdddcbbdbdccdcccdccdbcbbbbbbbbbdcabcdaaaadbccdaadddcbacbaaddbdadcdababbbbabccccaaabbbbbcccabbacbdcccacbabbcccbcababcbbdaddcdbcaabccaddddcdadaddddddddadadbccbdddadaccccadcddadccccacbbdaddbbbdddddddbcabccdaaccdddbcccccccccccabcabcbdcccccbcbdbdddbbabbaaaccbadccccbacaadabdadadccbaacddcaddaadbdddaaacccdbcdacaacabbaaacaacccbdbadccaadccabcaacabaaadccadcadcbddbacddcdad
20000 100 GMPSUM00 smpl1 ../../Instances/COR/similar-instances-BB/4_100_1000.het0.1.6 BSCharp_GMPSUMBEST_All_Beam_20000_Filter_100.out.csv 900,GMPSUM00,100,899.33,4,382,898.7533635,acaaaadddabdadaaddbbccaddddcadbbddadcdbbbbbbadbaabaaaaacddddbbdaabdacccbadabbbcccddadaaaccbdbddaaacdbaddaacddbddacbbbbbbbbdddddddddbddddbabbddaadaaddbbbaaddddcccccccbdcdbcccbbdadbdddccabbccacbdcddddcdcbbcaccccdcdbdbbbcddbcdaacccccddbcdddbbaababbadddaaabadddaabddddcdcdcdcdaddcdcbcbdccbdcaaaaabbbbbbaaccccaacdaccacdbabbbbdddcadaadccadadcadadadcaddabbbddddddcddcdccccccccccddddbbdbcdb
20000 100 GMPSUM00 smpl1 ../../Instances/COR/similar-instances-BB/4_100_1000.het0.1.7 BSCharp_GMPSUMBEST_All_Beam_20000_Filter_100.out.csv 900,GMPSUM00,100,903.11,4,382,897.5273306,abaaddcaacddcdaacbdabbbbcddcdbbbbccaabbacccdcbbbacdbadaacadddadadaaaaaaaaaaaaccdadcadddbccddbcbdbdbcacacdacadaccdddddcacccdadcdaabaabcbabbdddaccddabaacccddbbbbbbbcbaddaadbacdbbababcdddabcdddcaabdcadaadbccadcdddacaaaadddacdcccabbddcaacddaacbbbcacdcdcbbabbddccdbabbacadbcaddddbcbbbbcdaccabbbbdbccbdcdadcaabbcdabbbbbbbbddaacbbbbaddbccbaccbdbdcdaaccaacacaddcccddcddbbcaaaaabcccddddacccc
20000 100 GMPSUM00 smpl1 ../../Instances/COR/similar-instances-BB/4_100_1000.het0.1.8 BSCharp_GMPSUMBEST_All_Beam_20000_Filter_100.out.csv 900,GMPSUM00,100,898.21,4,376,899.0090015,bcddbaabcccdccddddddbccdccdcdcddcbddddbcbdddddddbdacccddaabdbaadbdbabdccabdbabbaacaccdabaaaadabbbdabbcccadcadbaaaababaaaabadbabcadcbdcbbcbadcadbbbaccdaaadddbbdbbbbbcdbdabacbacbbcbabbbdbadccdadddcdaadcddddaaadaabacacbcccbaabbabdbdabdbbadabdcbdddbdddbddbbabbdbbdbbbdbdddbbdddbadddaaaaadcdbbbaddbbbddcccdabcdabcabcaaccccdcccdaabccaaccccccccddddbbdddbbabcaccccbaccbbccbbdcbaddbccc
20000 100 GMPSUM00 smpl1 ../../Instances/COR/similar-instances-BB/4_100_1000.het0.1.9 BSCharp_GMPSUMBEST_All_Beam_20000_Filter_100.out.csv 900,GMPSUM00,100,899.99,4,375,899.0678079,cabaaaacdcdbbbdacbadddddcdaadadddbcbbcabcbdabaabccccacbadbbbdbcbdbcbcadbccddcddbacadabcdddbdbbaaacdacdaaddcdbcacaacccccbcdccaabddbdbcccdcbcccbdadddddabbcadcabaaabcbcbcbbccbcbddaccdaacccadbdddcdadabaddacdddbdbcaaaaaaaddbaadcbabcccccaaaaacadbcaadcddbbbbbbccccbaaaabaaacadcbcdddcbbccacacbadbacccccccccdccbbcbcadbbcddcdbcdcbbddcddbdddaabbaddddbcacdaabbacaabbdcccacadbbbdadddcbcbc
20000 100 GMPSUM00 smpl1 ../../Instances/COR/similar-instances-BB/4_100_1000.het0.1.10 BSCharp_GMPSUMBEST_All_Beam_20000_Filter_100.out.csv 900,GMPSUM00,100,900.06,4,396,898.190743,dcddbcbcdbacadddbaabbabbbdddcabbddcbbbacaacaaacacaccdccadccabaabdbcbbbbbdbddccabbacddcccdaadcbccccccdddadcdacdddddbacacacbdbdbdbbccdbcccccdbadbdbcbbdbccccbdaaabaaaaddbaaaaaaaabccaccaccdbacaddcdaaadddcbaaaacbadabbbbcbdbddcccabcbdabddabddaccbaddaddbaddadbdabdabdabddddccaaacaabacaaddcadcddddccccccccccadddcbbdbccccdaacabbababbbbbdaaadddbbbbbbbbdddddaacbaaaabbbbbbccaabbbcdaaadaaadcccddaccabcacccaac
20000 100 GMPSUM00 smpl1 ../../Instances/COR/similar-instances-BB/8_10_1000.het0.1.1 BSCharp_GMPSUMBEST_All_Beam_20000_Filter_100.out.csv 900,GMPSUM00,10,907.9,8,489,899.9110012,cgceffcgbahafbhfehghgacbhfchedfgghacbdghddbehedcgffbadhbhgaagcdfbgfdfdhdghccagahageafcaefeffdfgedcgfgeedadbaaffaedechfgcdagadbgfcgghfdhgcchhhcfaddbbbeeceehgchafccagagahdgfehbehgghgcffeeegdbccffacaafbebhbfbaggaeadefcbcdcbbcebddgebdefhhdeggffddefahhddccggegabafeedhdabbhebdgbcbgdfaaceafgfceeafbfedhacgedcchffcacfbeaaffghbhdcdbhghfhfdegghfdgehhebgdacbadcagehefbbbgdebfebhafhdcdcfcgecedabdaedcffcefabdbadfacaccdgbadadadcgdbefafafcfdgbffbhefchcfcfhfdaecchaeghgfaahgddhbbbhcdhadgaehdfgbedcdedheh
20000 100 GMPSUM00 smpl1 ../../Instances/COR/similar-instances-BB/8_10_1000.het0.1.2 BSCharp_GMPSUMBEST_All_Beam_20000_Filter_100.out.csv 900,GMPSUM00,10,900.6,8,449,899.8920862,dbbchbfheehhceagbdeggacgchefccfdfhfgfbbgfdchhgbbfcacccgagchchefhhcbeebfhfdbbfddadghgchbaebeeababddhdghhhhhhehgadeccgaadffefcbedhageafdddddffggbeeefffddaachhhddgcahdfegecgeeegefegbgdehhhhfgfgghhfbhghfecbbbgafcegbhfhbfdhbaaheeadddeeegfefaefccbgghaahheecchcbffbcgegghccfbgehefccaaaebdfehhfbhcbdchddgbcfcfcfhfdafaefggdcecgeabdcehcdhahdhfeabeabdafehcadecedddabceagdbbfdhbecggcfchdhcfdedgchbhdbecfdcddfacefdffbbhgfhfdhcbeaecbehbbcdgfgghabgghhgddahcegechcg
20000 100 GMPSUM00 smpl1 ../../Instances/COR/similar-instances-BB/8_10_1000.het0.1.3 BSCharp_GMPSUMBEST_All_Beam_20000_Filter_100.out.csv 900,GMPSUM00,10,896.4,8,449,899.9025888,ecfcehghcgbaeacdcdccbgbdddcdgeeggbecgadhhaagcbhfbedcbdbbdbadafhbgcfaccdbfdebbedegadefedbabaggcecddhdbbaegdbffageedeahfgaceaeddfcgbcccgbadedafabgfceahhaaaegdgfccdhdbhehahefbaacbbbbeebhffechbbbdbeggahegdcgagcbcbgegeghgegdfcaeabhbahgaabbbbedfhhhfbhfabeccaahggbafafbdgbgbafadghbggaegcbdcefaaccccechdhdghcbgbaecadaaafeffdaaacbdebhfhhhhhdfhfhbfgfbgahfafeddchbdcaafahgghgfecefacaffaegecfehebgcacebgacgbcaaegefcafaachdbagdbehcbchcececcfbcehahabbgebbgehecbbc
20000 100 GMPSUM00 smpl1 ../../Instances/COR/similar-instances-BB/8_10_1000.het0.1.4 BSCharp_GMPSUMBEST_All_Beam_20000_Filter_100.out.csv 900,GMPSUM00,10,901.4,8,456,899.905914,fcdceffgedchfebecaaffegbbheacbgdfhhahffgdfcbadcbfgacdgabbfdhgeccacgfbhbedhhbbdfchacaddabdbebhdecdfgbgdeffbdcadcgggefdedeccbfefacfdddhcgegbechhhdfecbdebdaccggdeeeaeaedhbdhebfabffbeehcchdeafdbbbfdgfbcghabddahaaaahebhbabagffhehbhefghebahfdfddfdfbaecbahffefeafcgbgceabheaaeabffhabghhgbedhcfcccbcbffaebcgfagcbhbdbcebghdddfffhhaecaddhebhdbeegffebahdgechaedacacghhaghdcedhdcgfgffabdfgdcbedddhfffgdaddgfcedfcecfabfehcfcgdeeacghghcadadddcebbfdcdcgabhhadddebffccfhcf
20000 100 GMPSUM00 smpl1 ../../Instances/COR/similar-instances-BB/8_10_1000.het0.1.5 BSCharp_GMPSUMBEST_All_Beam_20000_Filter_100.out.csv 900,GMPSUM00,10,903.8,8,476,899.9090989,ggdaebgbcdgffgbhhhbegchabgcdfdbeagagdadfafgeafbccadhfagdbfggaddabgdccccfegegeagcgacgcecgfgefhadgaafhadaacaeaedgcccgdaeghgdfgcbaffcdeadgfbecebaeefeabeddaeagdhfdgagabcbcfabhdbehfhhcggcdcegfghabhfddgadaadghfdfegabdfcchbhgebbfcbhfffefacbaeacabdbhgehabbafcfeggcafhdaaeefbfbebbbdbhbcfhedgdcgdcddcchgffbagfcabfdfhccagacgfcfbdbfdgeheeeefhdbfeddhhaaghcagbbbehhdhdhheahfhfggebeebbdeffedggdghcacdecgggccdcgaeacehghddhebfaadfdhhdeaafchgefbggfffedcbgchhhcfdchhchgdafcbfabehefcaahhadgbhagbf
20000 100 GMPSUM00 smpl1 ../../Instances/COR/similar-instances-BB/8_10_1000.het0.1.6 BSCharp_GMPSUMBEST_All_Beam_20000_Filter_100.out.csv 900,GMPSUM00,10,903.3,8,460,899.9068217,hdaeddgchcfecacfgcbcefcgfaehdbcchedfcaegdggdaachbghccgahabebfdgecedhhfadgfhhdhfbggacafaecdbhfhgeaceaeebdccfddacedgaddababdaahhbfhhacfecachgchfdcgffaccagfddghbbabfagcggbcedhbbffdehefeefgggbaccaadbhfebffeffhfhbadbdacaaeehgcdbdbcefbcbfcghagabdcfchcafhgdfhdhbcgefcceefgfgafbbddbffhfbhbbcbefhcaeaaaaaabffggehggebdacddcagdbdgahadheeahahadadgdgfebfhbadgedaedadgfbaehadbfecagccehdfhbeaaadfhecggebgebgccghcbggdgbfaaagdacfhfhdeafdacegfegaehhhhheghcdcecdchbegcafcddbabeac
20000 100 GMPSUM00 smpl1 ../../Instances/COR/similar-instances-BB/8_10_1000.het0.1.7 BSCharp_GMPSUMBEST_All_Beam_20000_Filter_100.out.csv 900,GMPSUM00,10,901.1,8,465,899.9154349,hbfgehceaeebffdfebgcdcchbcahaefbgeehgehfadfagdddhhfcchbbdbbhfcafcdgebagbgcbccaebfcadaegabdfedfaafcgcfahbbdbdbhbhgaadbeedcaebeddfgfhhhafehafadhbgcddeeabhhegcafgageebhcfadfhcbccbfbebhgeeegffccfgdbabhgfbbfbaffebfgededgggaahbbefbfhffcfhbhdgdgccdbdhefaaahebhfafbbegbbfeehagahhhbhbcdbfachhhdbahegbcbcfdacaeefeffffdfhbeccbbgcaafadgfaehaeabbbacahbdfgeffcdbggehadebdhhbcgfdbcgaaeecbhedegbafghabhcbhgdebdedgbfhhdhdghcecagddhfhghdceadgbhdceghcbdchggaabfahgfffgecfeafhefhhaecah
20000 100 GMPSUM00 smpl1 ../../Instances/COR/similar-instances-BB/8_10_1000.het0.1.8 BSCharp_GMPSUMBEST_All_Beam_20000_Filter_100.out.csv 900,GMPSUM00,10,899.7,8,453,899.896855,bhdecbacdfahaaecehfafaheeebdfbhgbdbccgehdgacgdeafdcfbhfhfchfahchhgecdcfgdcgdffedbdggdhdhcccbcggffddaedabdhfcdcfaddffbcbdbddgfdccbhbcegfgahgfhbbeaabfeagcefafbcbhefchgcbhaaeafgbfhbbafdgdafafgfhhafgggagacebdfeadcgggaaabbfgcbceeegbabacabgbdabbeheaaddbfdcccgeaefbhhhfhcfbeahhahfehhegdbcehafffddchedbggeeccbgbeggacghdebbhefcgegaeffaceaeafdffabaeceahbbcdfccchbfheedbedfhgebagaeeeadacddfhagghbbdbaahddcgcbabbgcghbfdfefcadeebefhdhachededdfdhcebdaggdhcdgghhcbfehd
20000 100 GMPSUM00 smpl1 ../../Instances/COR/similar-instances-BB/8_10_1000.het0.1.9 BSCharp_GMPSUMBEST_All_Beam_20000_Filter_100.out.csv 900,GMPSUM00,10,903.7,8,465,899.8844292,cffabefhdhgdgdgchdhdebdfbfffeefbgbdhagbbccccbccffeedfdedcgfadfachegagegacgbeheecfcbfcfcdfaahbadebafcegehbhdaghggcahdhcgeacbdfbaecbcbcehgbfgcdaffdgechagdaaehcfgfgghefdhegfbfabeafcehccddbfcccagbbgcfffgffeaadfgbceedeegbdagcdhgfhcdecffcdebbfadfgadhegagfdffgbdghghccbceaefhggdgabbbfbabefbdfccbahgghcagccedaceebcafchfdcdaegafgaaddgbbcccfbhhcgedcdacebcecgggbfcdfgggafgghfgfgbghdfbafdcdcabdfeeefhhgghghdadhddafdcgcebaegagbfabbeffggaacfaegdgdgcdfbeddhhhhaghcgegegedaedeaahcd
20000 100 GMPSUM00 smpl1 ../../Instances/COR/similar-instances-BB/8_10_1000.het0.1.10 BSCharp_GMPSUMBEST_All_Beam_20000_Filter_100.out.csv 900,GMPSUM00,10,900.2,8,465,899.9191158,ehhfdbfeddcfgbbcfheahhefaaebcbdcaegbghffgfbhcgadadegdcdgfcgaafafbdacehfbhagchgedfffadghhhgghdehdegdadaabgeecccegfhhdcgddbgagcbahdhbfccdcfaagbahcghafacfgafgaadfgefaaecgdcgabdbefbbdefbebfhegbecefcechcegdbebhaehgehebbdgbcbghffagbghgfhfdagfbhbdhdfhecfhbceahbghbbdhhahebbdcbaehbbfgacaggbefddggchbhacgccgaaddhbgfchcaahedbegbgeeagfchhhggcbgcgeaagghceeccfbcdechbhedbgecadghecfagffhafhafhahbabcddbfagdhaebdedhdcbccgahbcadgdageahhceaaaagffdabgehbbhfgbheegaagehccbabdcbddcafhf
20000 100 GMPSUM00 smpl1 ../../Instances/COR/similar-instances-BB/8_100_1000.het0.1.1 BSCharp_GMPSUMBEST_All_Beam_20000_Filter_100.out.csv 900,GMPSUM00,100,901.1,8,278,899.1303026,gbcggbbdgdhdhdbhdfhcfhabdhhefghhhhhdhcghggeffeehgagdgebhgebgeddbhhhaheghhffddddfdgdddeeeeegeacfcfhhhdhhegehagageaheccebgfgecccgdegbhdddhbbaeebbhdhhcedgefgadahfhhhgcfcehhhbfbccbebeghcbegdggdceacbdcgfaaaccgeageceadfeeaafaedfaaeeafaebbbhhbcbdheefdffcfgcagcedacdcbhgcabcddcdccdfcggh
20000 100 GMPSUM00 smpl1 ../../Instances/COR/similar-instances-BB/8_100_1000.het0.1.2 BSCharp_GMPSUMBEST_All_Beam_20000_Filter_100.out.csv 900,GMPSUM00,100,899.03,8,269,899.0546277,gcfcfffhhgdccbgeeabechghadfddeedbabbdcaagffgdbecacagdghghghghbbcdhghebggffbgceebhfgegdafachhhhbffcgggggaadhdghhhbdbhhhhbdcchhagahchegbaaccbdheabcfdcgdhhehaeccbfffdadaghdddhgdheadeebehahaacaaagfabfhcabgfgaabffcgfccchffhbhbhdcggggbeegafddabdbddhbbfdbfbbefhghdbehcaaffeedg
20000 100 GMPSUM00 smpl1 ../../Instances/COR/similar-instances-BB/8_100_1000.het0.1.3 BSCharp_GMPSUMBEST_All_Beam_20000_Filter_100.out.csv 900,GMPSUM00,100,900.83,8,271,898.9584735,ebcecaffaaafbdaebgccacbabcggaffcfcgeehhgfbffgfbbbdabaaeheebbbggfdfggcffbadadgdeafghhhafghafaagdgggffcceaagccdfbcbgghgfddhaeaabcahgbgbbehhbbbccchfbhebebcehhagaheegaaehcddecdcddeccafhhdeafhhebfeccfffcdbbehhbabhfhbffbgahfhbhbchgdageafhafdhaefaadadeadhgdhcaafccfaeadacfcehhdd
20000 100 GMPSUM00 smpl1 ../../Instances/COR/similar-instances-BB/8_100_1000.het0.1.4 BSCharp_GMPSUMBEST_All_Beam_20000_Filter_100.out.csv 900,GMPSUM00,100,899.7,8,265,899.0171632,cccgceeddddagbcbgddgbehaabbfcfbbghdfegeghfhebbfbbfgcdcggfefhffefcfafcaabbdchabdbdbgdceaggbdehgggdhdfghehghbggggeefbaeefhebgdebdegfdehdefhdfeffhcfdcbhdddcgcggacaadebahgghggfffegehhhehedcddbebbbbcbhghbfebbgedcdchgfchecheggefheeehdeeehdeeefccdfgaagdbdfgfcegdhecdedhcff
20000 100 GMPSUM00 smpl1 ../../Instances/COR/similar-instances-BB/8_100_1000.het0.1.5 BSCharp_GMPSUMBEST_All_Beam_20000_Filter_100.out.csv 900,GMPSUM00,100,898.08,8,267,898.9200542,fffdgghhhhhacbeachaeheachaghaghagacgffdffghfccgefagghhcdegdbggggfgffeehhgbbagagccfecfegfffcddddfhgceccdbbbbbcbaggaafaaabfdfffcacacghhgeaaggcbbahfddegbbbdhdcfhceceeeeggaaeafdgabfgbbagbgceedceeffgaaccfcdaeeahchhhheedddacfcedgagagagaccdfddcggggdddgedddddeaffeedffhedbcee
20000 100 GMPSUM00 smpl1 ../../Instances/COR/similar-instances-BB/8_100_1000.het0.1.6 BSCharp_GMPSUMBEST_All_Beam_20000_Filter_100.out.csv 900,GMPSUM00,100,900.53,8,265,899.0135304,becachdbfagaeaaafcabbghddfbechfcfeahcheeeedffhhcfbgbfahhbffgfgfdddhgheabgggagchfedhcddhhfedchdchcaahbcabeggbbefcgbchcececeefaafaaffchggabagcccdahhhhbfcffcacdbbafcbbbbbbbbbbfefeedaegeggdcafaeffcecfehcfddgbcbccdhaeeaadaaacddhhffbagggafcfdedaaahebddgdbdgaabdgabdaccbed
20000 100 GMPSUM00 smpl1 ../../Instances/COR/similar-instances-BB/8_100_1000.het0.1.7 BSCharp_GMPSUMBEST_All_Beam_20000_Filter_100.out.csv 900,GMPSUM00,100,901.36,8,266,898.9402861,dfeffhhbbgdddhhaeeeffecfffbcbhgeggfbecbhfffhedhcbbachfgdhdbadadbeabecdhddaaefhhcbhfgfccaaedefefhdhhfaghfffbeheegefcfeghdcdcdhhghggeegcdcfadghaghbccbfbfffeceeeeacefeeaffffeeccfegebcghehafchedhehachcfeecccdhdcdeggecggdfcfbddbggbaahcehhheeaaeeaeaeaeebbfhhgccbcgchhheaed
20000 100 GMPSUM00 smpl1 ../../Instances/COR/similar-instances-BB/8_100_1000.het0.1.8 BSCharp_GMPSUMBEST_All_Beam_20000_Filter_100.out.csv 900,GMPSUM00,100,899.57,8,264,898.9293677,beeeedeedaagedeggedaddddddhdhdhdfhhhddddddadbbfgehgeebhabffbfdeabeagcabhhhhcccbaefhgahfdedafffffbbeedfffhfcfffecbbdaabgbbgbaaahfeegccggcfhhbfhagefffafcaehhgfhhbeeeaaaahdhdeebdgeaaeheaehdgbabaefdaaeggagegedfecghcbdbgaaaaabcdbfaaabfdchdahbfeafffefefeecgacbbadeccdgch
20000 100 GMPSUM00 smpl1 ../../Instances/COR/similar-instances-BB/8_100_1000.het0.1.9 BSCharp_GMPSUMBEST_All_Beam_20000_Filter_100.out.csv 900,GMPSUM00,100,899.97,8,267,898.7777433,fhehhabhagddcahgegebddhfegfabdaebffceebahadeaafahcdcgaddcbdgafdggedadddccgebcbceaccceaaaffffddfdfdeadgbdgdaedggbgaaaegbeaahhbggdacdcgahdhhechdccafcaaeehffaadhbhdcehbgfagccfaahacaahheccebeaehbddahahgegheeaahheebbbhedecbbagehdddefabaabbfgdaddhcgcedgcaggcbcccdhbcaebebbb
20000 100 GMPSUM00 smpl1 ../../Instances/COR/similar-instances-BB/8_100_1000.het0.1.10 BSCharp_GMPSUMBEST_All_Beam_20000_Filter_100.out.csv 900,GMPSUM00,100,899.44,8,274,898.8310573,ggaaadcahhgbbhegedefgghhhddabagbebceddgfdcchgefeggbfbbbbbbfgfgehehgdbehabedeagfhggccchbgaheaheehebhehfgfdehaahbdababbeeeeeebdheaeeahcdgahedgafhefacfedheccbbdbhghgfdgffcchhhhhhaaaaabbbbfffggffbbbeeaahheffeghachahfccdadedddagagdfdccedechaaccdaaddhahegeeeaaaecfcddddddcdbbccbgb
20000 100 GMPSUM00 smpl1 ../../Instances/COR/similar-instances-BB/24_10_1000.het0.1.1 BSCharp_GMPSUMBEST_All_Beam_20000_Filter_100.out.csv 900,GMPSUM00,10,900,24,382,900.4346164,ldiretatmwlwnetphspgjolxgdhbmduglhgsofmnqlgntindnviakiuaqxavrcugjsocwcfottnrppiopthoeromvehptmwpewiptexkanqbcpkaumghgjcmgtaqmbrdamldpialdvsfmwasrqfognhffgkbtaoodkvaekogmcmlutfdwjddwpolagvaclcakjsxwqdudxqfoacbgeujguvbbfepaknqgpculgfbshkrmbmhasjdqdgqdulnuirdccnjlvwxkhpgqscfkaldcmnbafjwxktxttbxojkifnibxabxsicwfoodrugwqqebgoidceaarqbofffbqrkhfupdlhxojfqqivbwhwcdlxtdhcbwfkedrnvmtoomks
20000 100 GMPSUM00 smpl1 ../../Instances/COR/similar-instances-BB/24_10_1000.het0.1.2 BSCharp_GMPSUMBEST_All_Beam_20000_Filter_100.out.csv 900,GMPSUM00,10,898.7,24,380,900.2942196,tgssqealhccdqcnpnnvcmbchjhvkdwpmfuqujmgvgoemxdfrolbmolakelxjpfmmknlxhejemmgpdmovbparrespewogeqlnmhpesclukllxnatxitaddxubxvtqeowquuxqxhvjwwrarpkxahfsqfaadhgxmtukueldrmujultsshcqcssjbfrtvqhivbfeducaittkjjkawtubnrvbekxsnqpbdbalkclmslxrxcvnaqsxqjaorrstnbodbhgfplbphsbgncvhorqodmiajpkdpjlqddmioiirkrxddkpbqtanqrrbpljumoqhojlnrxnnnpriouqifjiwccwjboskahhcvadjqeqtxfckrqlbvtiiflbnowcirqbw
20000 100 GMPSUM00 smpl1 ../../Instances/COR/similar-instances-BB/24_10_1000.het0.1.3 BSCharp_GMPSUMBEST_All_Beam_20000_Filter_100.out.csv 900,GMPSUM00,10,901.2,24,383,900.4239205,binrikkskjdkhilucksoblacjnofmpfuiqfgimngqcqjfrdksbncaleauwrdfgkxuhulesqxfhterdwpdnjmhmmxpgfcdctvpabaxkbedsviaovoclalbiqhbgvgcxnqbidgrnejuplgmbrecrmrldhbnklnmvoworwsnjqkcujkabivxtpqwokfdkenjiilwbghuvodpchmurgxgfoesuuvurwnnjtmpqmsrcnullqucvnlmwotenujkmichktkemcurrbhkhqsoniltibxfbvthgrvbvflmnselahfjchrablxsinovkfrcuqdawbltneigmjjjctoaablrvrxjwocmcdqbvjxhwqmdpedqginincadjdlweefttmpaop
20000 100 GMPSUM00 smpl1 ../../Instances/COR/similar-instances-BB/24_10_1000.het0.1.4 BSCharp_GMPSUMBEST_All_Beam_20000_Filter_100.out.csv 900,GMPSUM00,10,897.4,24,388,900.3520221,tsijcvvupiuduoekeconfhmccaunlavwbshdxgjqcmebvvummitumfftlgallhnkiscctijggkxkrauigesqmxfegwfikonjamerhxnrqadiqirtjacdukxthdfkufearmvwbsvlvblspujojabcujbrppmdtmcawsjskvvnrbiusokastqvrepikvhoodrbhkpjggpfelbbsobtsmkurfplfducwnqveomohkicwvvdplnibbbpftpmsnsusilecwpggrqbpexqtsrwwvtlcalgfwocorgihwfowwvuabewsdqnvumblmxrdrivdmcenkuwiwbohxpfciucqmivxpavgccjqpjdgdietdcwkghqxcunicgeauefexbaxflfwrcx
20000 100 GMPSUM00 smpl1 ../../Instances/COR/similar-instances-BB/24_10_1000.het0.1.5 BSCharp_GMPSUMBEST_All_Beam_20000_Filter_100.out.csv 900,GMPSUM00,10,901,24,395,900.4567311,rjcljuontfovfwuhehuxbjgdvvdnbsmmucpijofstkrtroicqhjsswwtapewqjjlwpasjugnvtmnpcuxtpronmrejscehteioiodislavlllasirsknxxtxeoxdlhjbwbnvmefpioxmomvhhakxdxlmkrfitffdgmmacrvgkjvefsjbhmtuvcnapuhlhxcvpwtxgtjsmkiutgrcjmsiumaagwtulkjfwegbnbrethxojpruunfmocqetouqwdasrahtcfarptnbhbdrvuvqfoblmunkhdklwcpqqlhsrxajihkpumnvditvorotcakdpdmrpuleuqtullgesceetlqcqgsgdqbjlqepsprceewbhbdskkespqnepkkwhkxvouamtxdewkqv
20000 100 GMPSUM00 smpl1 ../../Instances/COR/similar-instances-BB/24_10_1000.het0.1.6 BSCharp_GMPSUMBEST_All_Beam_20000_Filter_100.out.csv 900,GMPSUM00,10,901.4,24,393,900.3979135,fwfkuvxklwflabqidmqhbtjhefmwkbpdmmwpjnxvfipirwjtvvjgdihevqbvqoqabfmmaisijoippcakgclqogamxbvwmohvnseotqnltbqqafbdvxmuocqcnuxoejqeecaiqpsnjqprihulgqkgitfebegugvtorinnuvunjbbsqbanxujsvkqhiscggsdnfqswxmxqqmqbbnfqegxfqisunakcxhlthdijhkrptkrgcpfwflpdwlthuagpsnvnhpamcetduphvsskwhgejdgvtjtelhfrjunxfrlshkcskwxtttnasuaauefkfjiinfpdrbjxmtwvwnrvcunwdrxvvsukcdndujuhubmmjccbqlhtdemrvjxpvwonbbkgemedjteaol
20000 100 GMPSUM00 smpl1 ../../Instances/COR/similar-instances-BB/24_10_1000.het0.1.7 BSCharp_GMPSUMBEST_All_Beam_20000_Filter_100.out.csv 900,GMPSUM00,10,899,24,374,900.3917671,bqljgjlakddghhrllumejlnamnsshxcbdgmllrqxquoprclrduumsnttapglvpdjxbltqwgulotovleaumxnoefvurfuxwodtmwowajkdefnwsflabphqrtodkfwdevvwrebejdbawapbpsvidlmrufrbnuhknpcjlxgrcdawpwdekfiucuimvgmsdkqchkhdheqwrwmrwhcbieedsqrvspbiuauoqtswlaunjafobsxfxltspxtsckrtafuglghqmkfkovtflucasdqmnqxbnjubpxlvpkaufrckdqelpxtwaaehhdmcgurotkmbxgutwcbxbxdvupmuaukcfkbinwocbebqootdtagvhgipbkavdcrihucrf
20000 100 GMPSUM00 smpl1 ../../Instances/COR/similar-instances-BB/24_10_1000.het0.1.8 BSCharp_GMPSUMBEST_All_Beam_20000_Filter_100.out.csv 900,GMPSUM00,10,901.4,24,395,900.4041544,jaqrpwauodirfcmwqaxgnndfudwbbahvbdxobqlbdaigfwvkmhmfkoihoofadtbiitlkpgssihcbfiwxbajuleisdhbbpmjttrxreppwjfehtxsoewvjcnarsidwetpamdrtsmcecobvcmmkvteoahrmrsbgaabargixxbdrshdegctuaddogfctprdtvgnqupvlvcilcserlkmmpwfbuqviojmkhbibumcghbflupvgdmpaxwvbnhsjspotnongvcvxxcllhopptriewtovbgafogutssmhpsrjpdjhlgsxhqqkikimktgxpmofewxgbxxfodmlnwebmjgtenxjjnahxlanhkjpgpfqdicexqgvjxheeeuntpfqeuhslvohptoagjtgqvd
20000 100 GMPSUM00 smpl1 ../../Instances/COR/similar-instances-BB/24_10_1000.het0.1.9 BSCharp_GMPSUMBEST_All_Beam_20000_Filter_100.out.csv 900,GMPSUM00,10,899.6,24,383,900.4524388,ovtgljdnlggnhsupwkmxgeorqffaxjmntpkasrmoqwenelcbcqwspiahumarklvelesgqnucvkjfqvkhpkudbemjsjsseqhgutxhhbuqhnirismjgkmqcgajwuejaqlpjhqqfthdefmuabgxkbbwcihiijchboauqflweocfbjeeiqirhlltcnefbwbahdaumbitsrlekevkmqobuljfvhowfcriuedjlgpivmigkhupsriejsnicjtslqcslcavnmrvsjqqnuxclbqthkohpspagbeiebggbhakugbnhjrliismevflrlkuasttwanxvpucgiaadvqbvfwwcvfrujdfxorxwlurokdkntbbpcvabfmxmvlkdeckkeemsth
20000 100 GMPSUM00 smpl1 ../../Instances/COR/similar-instances-BB/24_10_1000.het0.1.10 BSCharp_GMPSUMBEST_All_Beam_20000_Filter_100.out.csv 900,GMPSUM00,10,900.3,24,383,900.3963778,pbclxfmbphjikelrgkqmqcwlukkwtubpvgvmmtpxqfwojanaorpqkqdrkwrxaaeehudmdmplxxrxokgapsiwjwujoewjprqksivnmqksapmxnxdrphbiljrjrdbfxkwcorlcmrucbgokduhsurxjssqipbdjwogbpaaavcclsvtifldpakxgsusgbpqmtsexxqdwwfupldobhmtqdgwnqurhbuutdspohlebbnriupfuuhwovrokewpdwnblqlnjebfcdwxgxvqrhflhxoocaibugcwvogalppvghqrhvsdhrjrwvbnnkmlqkptamamrvuvijcktqghbwsagilplfwsdccgloiiuaacgmetsdlmjqtlpoxqfxcquvfrifof
20000 100 GMPSUM00 smpl1 ../../Instances/COR/similar-instances-BB/24_100_1000.het0.1.1 BSCharp_GMPSUMBEST_All_Beam_20000_Filter_100.out.csv 900,GMPSUM00,100,900.02,24,144,898.6975387,ccdukquhxavierummskqnmwwwijcoqjstooblrdjeteteejjjohvewioiofgoootkmbbpfrprrtbdvlkfpwlgkwmftfkknffbkbilrrgqcggcbrxxxtpnffnnfltfcnsdhpapiihhgwgdgwm
20000 100 GMPSUM00 smpl1 ../../Instances/COR/similar-instances-BB/24_100_1000.het0.1.2 BSCharp_GMPSUMBEST_All_Beam_20000_Filter_100.out.csv 900,GMPSUM00,100,898.93,24,147,898.8050722,vmkvojcvlobmdodktnesuqpuxxkhhhthesahkmaajqioirswoudqduxiidvctttxdtwhhhgmxaxdliiehphhnbtgqmnwwmeojvxbxxxdxreghwbsdsaaakuckxuvhxcxichxxnonbdtnsjneexe
20000 100 GMPSUM00 smpl1 ../../Instances/COR/similar-instances-BB/24_100_1000.het0.1.3 BSCharp_GMPSUMBEST_All_Beam_20000_Filter_100.out.csv 900,GMPSUM00,100,900.13,24,137,898.8857237,klehajpengspsxdwwcncittvvsjoguvoojabrkkkxackuxbhhlfqbujlrissujnmcvcnjfpnrcminqpmbncfpmjnrbfbdppcwubhivwdcvaeeeiikvnhkxlongolodasosqdaqaex
20000 100 GMPSUM00 smpl1 ../../Instances/COR/similar-instances-BB/24_100_1000.het0.1.4 BSCharp_GMPSUMBEST_All_Beam_20000_Filter_100.out.csv 900,GMPSUM00,100,900.3,24,141,898.7042825,rauawrnjbtugccfcfrajggwcwagetmevnuklglsxnrhkagmmhdrfiqlflfpfkwdrctjoxdrxphsirtuptkggmduxcsinjveekptjbpsuvvdeggjncctcfwvmnvxnhvvkhwmswigwiedwg
20000 100 GMPSUM00 smpl1 ../../Instances/COR/similar-instances-BB/24_100_1000.het0.1.5 BSCharp_GMPSUMBEST_All_Beam_20000_Filter_100.out.csv 900,GMPSUM00,100,901,24,146,898.9737129,bwtfijaqbbpxtavtihhtumsgeprjggwnjprfiffqjqsbeojnnlanmdslxraaeshrvdnagaktapmljssjqmgxgxmahaxllnmpamoqvmowwawvpweaqwkkfofubbqucrfvvpvplvvvrhxxuwgumd
20000 100 GMPSUM00 smpl1 ../../Instances/COR/similar-instances-BB/24_100_1000.het0.1.6 BSCharp_GMPSUMBEST_All_Beam_20000_Filter_100.out.csv 900,GMPSUM00,100,899.87,24,151,899.0478288,cevilkuuikugjiwievfaihiusfaaavhjnfflkuukkusuhsqiqpxbbbbbeqcrfqohoqnnqjpggkkqipoccpkciaipxfitlilxxldrippaicfekasqhmeetheohauhoqtouptnbbnddhnwwwwhjkimcpo
20000 100 GMPSUM00 smpl1 ../../Instances/COR/similar-instances-BB/24_100_1000.het0.1.7 BSCharp_GMPSUMBEST_All_Beam_20000_Filter_100.out.csv 900,GMPSUM00,100,899.93,24,137,899.034756,nlllnvbmigqrujxkhvcgjotvxkensciagglccuhphxhjcccmmjrlbrqqqwwffqqlvvsvgigarjhomwhtwfessbwiqqeekfwfxpmukxnslexqjkiinurguixfrhxrevjmkwmwwcdle
20000 100 GMPSUM00 smpl1 ../../Instances/COR/similar-instances-BB/24_100_1000.het0.1.8 BSCharp_GMPSUMBEST_All_Beam_20000_Filter_100.out.csv 900,GMPSUM00,100,900.07,24,146,898.9255371,efffulrhhcrjhatuebptnthebnmtgaasqurnqoooohnhsweqwqqkvdbmhkwlvvdxxxovkarxqdlvujadlkjktjupipmabpsqfuuhhwhxlnnnpqsqoppkkahrmltajpfpvbpopoewwtrnhwjmsw
20000 100 GMPSUM00 smpl1 ../../Instances/COR/similar-instances-BB/24_100_1000.het0.1.9 BSCharp_GMPSUMBEST_All_Beam_20000_Filter_100.out.csv 900,GMPSUM00,100,900.37,24,145,898.8850742,rvgtbosxqpckokxbostuuttpaaardhrhesluuffxatsvmmdpfthbivhcaqsjjltvkrirebkhhhmjgpigthndbbxxadexnvjvukxndbjxaaxddwltntfeioohnrfiuibpeeleuaswwwwvselii
20000 100 GMPSUM00 smpl1 ../../Instances/COR/similar-instances-BB/24_100_1000.het0.1.10 BSCharp_GMPSUMBEST_All_Beam_20000_Filter_100.out.csv 900,GMPSUM00,100,900.26,24,147,898.9766179,hfifmatiirokuxgccdwwbxewqnewojactmjjxghuhevknnhpsjoaoddiaihghwaucpqwwrpmxfvgvxtutvaapwqwicxlllgvxktjmfuccmsflkfqhowuwkvqllblbrlqssxlsxseffrhlhloeth
